miRDeep2 score	estimated signal-to-noise	excision gearing
10	34.2	2
9	34.5	2
8	34.2	2
7	34.5	2
6	34.5	2
5	34.6	2
4	34.7	2
3	29.6	2
2	11.3	2
1	5.2	2
0	2.4	2
-1	2.2	2
-2	2.2	2
-3	2.1	2
-4	1.4	2
-5	1	2
-6	1	2
-7	1.1	2
-8	1.2	2
-9	1.2	2
-10	1.2	2



novel miRNAs predicted by miRDeep2
provisional id	miRDeep2 score	estimated probability that the miRNA candidate is a true positive	rfam alert	total read count	mature read count	loop read count	star read count	significant randfold p-value	miRBase miRNA	example miRBase miRNA with the same seed	UCSC browser	NCBI blastn	consensus mature sequence	consensus star sequence	consensus precursor sequence	precursor coordinate
chr1_504	150344.9		-	294892	294701	0	191	yes	-	-	-	-	uccuucauuccaccggagucug	gauuucaguggagugaaguuca	uccuucauuccaccggagucugucucauacccaaccagauuucaguggagugaaguuca	chr1:209432165..209432224:+
chr17_8824	50946.7		-	99927	99898	0	29	yes	-	-	-	-	aagcugccaguugaagaacugu	aguucuucaguggcaagcuuua	aguucuucaguggcaagcuuuauguccugacccagcuaaagcugccaguugaagaacugu	chr17:1713913..1713973:-
chr7_4352	50594.3		-	99236	97227	0	2009	yes	-	-	-	-	ucagugcacuacagaacuuugu	aaaguucugagacacuccgacu	aaaguucugagacacuccgacucugaguaugauagaagucagugcacuacagaacuuugu	chr7:25949921..25949981:-
chr22_10590	48591.5		-	95307	94808	0	499	yes	-	-	-	-	ugagguaguagguuguauaguu	cuauacaaucuacugucuuucc	ugagguaguagguuguauaguuuggggcucugcccugcuaugggauaacuauacaaucuacugucuuucc	chr22:46112751..46112821:+
chr9_4974	48419		-	94969	94481	2	486	yes	-	-	-	-	ugagguaguagguuguauaguu	cuauacaaucuacugucuuucc	ugagguaguagguuguauaguuuuagggucacacccaccacugggagauaacuauacaaucuacugucuuucc	chr9:94175961..94176034:+
chr11_6471	48239.8		-	94618	94610	1	7	yes	-	-	-	-	ugagguaguagguuguauaguu	cuguacagccuccuagcuuucc	ugagguaguagguuguauaguuuagaauuacaucaagggagauaacuguacagccuccuagcuuucc	chr11:122146522..122146589:-
chr1_1035	45978.6		-	90184	86805	0	3379	yes	-	-	-	-	aacauucaacgcugucggugagu	accaucgaccguugauuguacc	aacauucaacgcugucggugaguuuggaauuaaaaucaaaaccaucgaccguugauuguacc	chr1:198859068..198859130:-
chr9_5034	45008.9		-	88280	86799	0	1481	yes	-	-	-	-	aacauucaacgcugucggugagu	accacugaccguugacuguacc	aacauucaacgcugucggugaguuugggauuugaaaaaaccacugaccguugacuguacc	chr9:124692479..124692539:+
chr3_2038	35745.9		-	70112	69802	0	310	yes	-	-	-	-	uagcagcacguaaauauuggcg	accaauauuacugugcugcuuu	uagcagcacguaaauauuggcguagugaaauauauauuaaacaccaauauuacugugcugcuuu	chr3:160404753..160404817:+
chr13_7147	35585.9		-	69798	69795	0	3	yes	-	-	-	-	uagcagcacguaaauauuggcg	ccaguauuaacugugcugcugaa	uagcagcacguaaauauuggcguuaagauucuaaaauuaucuccaguauuaacugugcugcugaa	chr13:50048983..50049048:-
chr17_8712	35568.8		-	69764	65228	0	4536	yes	-	-	-	-	uagcuuaucagacugauguugac	caacaccagucgaugggcugu	uagcuuaucagacugauguugacuguugaaucucauggcaacaccagucgaugggcugu	chr17:59841272..59841331:+
chr17_9073	34498.5		-	67666	67523	3	140	yes	-	-	-	-	uacccuguagauccgaauuugu	caaauucguaucuaggggaau	uacccuguagauccgaauuuguguaaggaauuuuguggucacaaauucguaucuaggggaau	chr17:48579864..48579926:-
chr6_3887	30607		-	60031	59185	0	846	yes	-	-	-	-	uguaaacauccucgacuggaagcu	cuuucagucggauguuugcagc	uguaaacauccucgacuggaagcugugaagccacagaugggcuuucagucggauguuugcagc	chr6:71403553..71403616:-
chr12_6849	28200.6		-	55311	55276	0	35	yes	-	-	-	-	uucaaguaauccaggauaggcu	ccuauucuugauuacuuguuuc	uucaaguaauccaggauaggcuguuuccaucugugaggccuauucuugauuacuuguuuc	chr12:57824619..57824679:-
chr3_1898	28175.8		-	55262	55256	0	6	yes	-	-	-	-	uucaaguaauccaggauaggcu	ccuauucuugguuacuugcacg	uucaaguaauccaggauaggcugugcaggucccaaugggccuauucuugguuacuugcacg	chr3:37969412..37969473:+
chr8_4836	27802.5		-	54530	34309	0	20221	yes	-	-	-	-	cuagacugaagcuccuugagga	ucgaggagcucacagucuagua	ucgaggagcucacagucuaguaugucucauccccuacuagacugaagcuccuugagga	chr8:140732585..140732643:-
chr9_4983	21493.9		-	42156	41728	0	428	yes	-	-	-	-	uucacaguggcuaaguucug	agagcuuagcugauuggugaac	agagcuuagcugauuggugaacagugauugguuuccgcuuuguucacaguggcuaaguucug	chr9:95085462..95085524:+
chr8_4817	18645.8		-	36571	36051	0	520	yes	-	-	-	-	uguaaacauccccgacuggaagcu	cuuucagucagauguuugcugc	uguaaacauccccgacuggaagcuguaagacacagcuaagcuuucagucagauguuugcugc	chr8:134804878..134804940:-
chr1_180	16092.9		-	31562	30179	45	1338	yes	-	-	-	-	uguaaacauccuugacuggaagcu	cuuucagucggauguuuacagc	uguaaacauccuugacuggaagcuguaagguguucagaggagcuuucagucggauguuuacagc	chr1:40754370..40754434:+
chr1_41	15721.3		-	30841	30663	0	178	no	-	-	-	-	uaauacugccugguaaugaugac	caucuuacugggcagcauugga	caucuuacugggcagcauuggauggagucaggucucuaauacugccugguaaugaugac	chr1:1167123..1167182:+
chr13_7075	15141.8		-	29697	29665	0	32	yes	-	-	-	-	uauugcacuugucccggccugu	agguugggaucgguugcaaugcu	agguugggaucgguugcaaugcuguguuucuguaugguauugcacuugucccggccugu	chr13:91351323..91351382:+
chr20_9993	15048.6		-	29515	29510	0	5	yes	-	-	-	-	agcagcauuguacagggcuauga	agcuucuuuacagugcugccuug	agcuucuuuacagugcugccuuguagcauucaggucaagcagcauuguacagggcuauga	chr20:3917503..3917563:+
chr9_5036	13678.9		-	26829	26817	0	12	yes	-	-	-	-	aacauucauugcugucggugggu	cucacugaucaaugaaugcaaa	aacauucauugcugucgguggguuugagucugaaucaacucacugaucaaugaaugcaaa	chr9:124693724..124693784:+
chr1_1033	13361.7		-	26207	26095	0	112	yes	-	-	-	-	aacauucauugcugucggugggu	cucacugaacaaugaaugcaa	aacauucauugcugucgguggguugaacuguguggacaagcucacugaacaaugaaugcaa	chr1:198858886..198858947:-
chrX_10985	13303		-	26090	26015	2	73	yes	-	-	-	-	ugagguaguagauuguauaguu	cuauacagucuacugucuuucc	ugagguaguagauuguauaguuuuagggucauaccccaucuuggagauaacuauacagucuacugucuuucc	chrX:53557195..53557267:-
chr9_4976	13166.4		-	25822	25797	0	25	yes	-	-	-	-	ugagguaguagauuguauaguu	cuauacaaucuauugccuuccc	ugagguaguagauuguauaguugugggguagugauuuuacccuguucaggagauaacuauacaaucuauugccuuccc	chr9:94176352..94176430:+
chr9_5113	12949.5		-	25397	25030	0	367	yes	-	-	-	-	aggcaagaugcuggcauagcug	ugcuaugccaacauauugccauc	aggcaagaugcuggcauagcuguugaacugggaaccugcuaugccaacauauugccauc	chr9:21512119..21512178:-
chr19_9832	9937.7		-	19489	19087	0	402	yes	-	-	-	-	uucacaguggcuaaguuccg	agggcuuagcugcuugugagca	agggcuuagcugcuugugagcaggguccacaccaagucguguucacaguggcuaaguuccg	chr19:13836447..13836508:-
chr2_1476	8064.6		-	15815	15612	0	203	yes	-	-	-	-	uucaaguaauucaggauagguu	ccuguucuccauuacuuggcuc	uucaaguaauucaggauagguugugugcuguccagccuguucuccauuacuuggcuc	chr2:218402656..218402713:+
chr6_3885	7729.7		-	15160	15082	0	78	yes	-	-	-	-	uguaaacauccuacacucucagcu	cugggagaaggcuguuuacucu	uguaaacauccuacacucucagcuguggaaaguaagaaagcugggagaaggcuguuuacucu	chr6:71376963..71377025:-
chr3_2193	7562.3		-	14830	14769	0	61	yes	-	-	-	-	caacggaaucccaaaagcagcug	cugcgcuuggauuucgucccc	caacggaaucccaaaagcagcuguugucuccagagcauuccagcugcgcuuggauuucgucccc	chr3:49020630..49020694:-
chr7_4442	7425.7		-	14570	14527	0	43	no	-	-	-	-	cauugcacuugucucggucuga	aggcggagacuugggcaauugcu	aggcggagacuugggcaauugcuggacgcugcccugggcauugcacuugucucggucuga	chr7:100093570..100093630:-
chr3_2087	7405.9		-	14523	12158	2	2363	yes	-	-	-	-	cacuagauugugagcuccugga	aaggagcucacagucuauugag	aaggagcucacagucuauugaguuaccuuucugacuuucccacuagauugugagcuccugga	chr3:188688793..188688855:+
chr11_5901	7043.3		-	13812	13800	2	10	yes	-	-	-	-	cagugcaauguuaaaagggcau	gcucuuuucacauugugcuacu	gcucuuuucacauugugcuacugucugcaccugucacuagcagugcaauguuaaaagggcau	chr11:57641211..57641273:+
chr7_4443	5513		-	10810	10699	0	111	yes	-	-	-	-	caaagugcuguucgugcagguag	acugcugagcuagcacuucccga	caaagugcuguucgugcagguagugugauuacccaaccuacugcugagcuagcacuucccga	chr7:100093775..100093837:-
chr7_4481	5134.8		-	10069	9856	2	211	yes	-	-	-	-	auggcacugguagaauucacug	ugaauuaccgaagggccauaaa	auggcacugguagaauucacugugaacagucucagucagugaauuaccgaagggccauaaa	chr7:129774926..129774987:-
chr19_9600	5000.1		-	9804	9735	1	68	yes	-	-	-	-	ugagguaggagguuguauaguu	cuauacggccuccuagcuuucc	ugagguaggagguuguauaguugaggaggacacccaaggagaucacuauacggccuccuagcuuucc	chr19:51692792..51692859:+
chr12_6513	4839.2		-	9488	9417	1	70	yes	-	-	-	-	uaauacugccggguaaugaugga	cgucuuacccagcaguguuugg	cgucuuacccagcaguguuugggugcgguugggagucucuaauacugccggguaaugaugga	chr12:6963702..6963764:+
chr1_43	4709.1		-	9233	7384	0	1849	yes	-	-	-	-	uaacacugucugguaacgauguu	caucuuaccggacagugcugga	caucuuaccggacagugcuggauuucccagcuugacucuaacacugucugguaacgauguu	chr1:1167877..1167938:+
chrX_10964	4581.2		-	8983	8645	0	338	yes	-	-	-	-	agcuacauugucugcuggguuuc	accuggcauacaauguagauuucugu	accuggcauacaauguagauuucuguguucguuaggcaacagcuacauugucugcuggguuuc	chrX:45746179..45746242:-
chr22_10592	4239.6		-	8312	8017	7	288	yes	-	-	-	-	ugagguaguagguugugugguu	cuauacaaccuacugccuuccc	ugagguaguagguugugugguuucagggcagugauguugccccucggaagauaacuauacaaccuacugccuuccc	chr22:46113690..46113766:+
chr11_6473	3828.5		-	7508	7193	0	315	yes	-	-	-	-	aacccguagauccgaacuugug	caagcuuguaucuauagguaug	aacccguagauccgaacuugugguauuaguccgcacaagcuuguaucuauagguaug	chr11:122152239..122152296:-
chr2_1826	3709.5		-	7280	7279	0	1	no	-	-	-	-	uuuguucguucggcucgcguga	gcgacgagccccucgcacaaacc	gcgacgagccccucgcacaaaccggaccugagcguuuuguucguucggcucgcguga	chr2:219001647..219001704:-
chr5_2919	3597.3		-	7052	7007	0	45	yes	-	-	-	-	acuggacuuggagucagaaggc	cuccugacuccagguccugugu	cuccugacuccagguccuguguguuaccuagaaauagcacuggacuuggagucagaaggc	chr5:149732828..149732888:+
chr1_387	3560.8		-	6980	6946	0	34	yes	-	-	-	-	uauugcacucgucccggccucc	agggacgggacgcggugcaguguu	agggacgggacgcggugcaguguuguuuuuucccccgccaauauugcacucgucccggccucc	chr1:155195195..155195258:+
chr8_4815	3373.6		-	6615	6564	0	51	yes	-	-	-	-	uguaaacauccuacacucagcu	cugggagguggauguuuacuuc	uguaaacauccuacacucagcuguaauacauggauuggcugggagguggauguuuacuuc	chr8:134800531..134800591:-
chr17_8605	3368		-	6603	4640	0	1963	yes	-	-	-	-	agcucggucugaggccccucagu	ugaggggcagagagcgagacuuu	ugaggggcagagagcgagacuuuucuauuuuccaaaagcucggucugaggccccucagu	chr17:30117094..30117153:+
chr9_5094	3357.6		-	6583	5427	0	1156	yes	-	-	-	-	cauuauuacuuuugguacgcg	ucguaccgugaguaauaaugcg	cauuauuacuuuugguacgcgcugugacacuucaaacucguaccgugaguaauaaugcg	chr9:136670615..136670674:+
chr12_6618	3349.3		-	6566	6553	0	13	yes	-	-	-	-	ugagguaguaguuugugcuguu	cugcgcaagcuacugccuugcu	ugagguaguaguuugugcuguuggucggguugugacauugcccgcuguggagauaacugcgcaagcuacugccuugcu	chr12:62603690..62603768:+
chr7_4488	3152.3		-	6181	6108	0	73	yes	-	-	-	-	uagcaccaucugaaaucgguua	acugauuucuuuugguguucaga	acugauuucuuuugguguucagagucaauauaauuuucuagcaccaucugaaaucgguua	chr7:130876747..130876807:-
chr19_9602	3046.3		-	5972	5905	0	67	yes	-	-	-	-	ucccugagacccuuuaaccuguga	acaggugagguucuugggagcc	ucccugagacccuuuaaccugugaggacauccagggucacaggugagguucuugggagcc	chr19:51693267..51693327:+
chrX_10983	2827.3		-	5542	5383	0	159	yes	-	-	-	-	ugagguaguaaguuguauuguu	cuauacaacuuacuacuuuccc	ugagguaguaaguuguauuguugugggguagggauauuaggccccaauuagaagauaacuauacaacuuacuacuuuccc	chrX:53556240..53556320:-
chr3_2201	2810.8		-	5510	5494	0	16	yes	-	-	-	-	ugagguaguaguuuguacaguu	cuguacaggccacugccuugcc	ugagguaguaguuuguacaguuugagggucuaugauaccacccgguacaggagauaacuguacaggccacugccuugcc	chr3:52268278..52268357:-
chr19_9540	2795.6		-	5480	5435	0	45	yes	-	-	-	-	ugagaccucuggguucugagcu	cugggaucuccggggucuugguu	ugagaccucuggguucugagcugugauguugcucucgagcugggaucuccggggucuugguu	chr19:46018960..46019022:+
chr19_9830	2786.4		-	5470	4397	0	1073	no	-	-	-	-	uggcucaguucagcaggaacag	gugccuacugagcugaaacacagu	gugccuacugagcugaaacacaguugguuuguguacacuggcucaguucagcaggaacag	chr19:13836288..13836348:-
chr11_6283	2598.7		-	5095	5093	0	2	yes	-	-	-	-	cugaccuaugaauugacagcc	cugccaauuccauaggucacag	cugaccuaugaauugacagccagugcucucgucuccccucuggcugccaauuccauaggucacag	chr11:64891158..64891223:-
chr10_5654	2473.6		-	4850	4840	0	10	yes	-	-	-	-	agcagcauuguacagggcuauc	agcuucuuuacaguguugccuug	agcuucuuuacaguguugccuuguggcauggaguucaagcagcauuguacagggcuauc	chr10:89592756..89592815:-
chr3_1916	2368.6		-	4642	4602	0	40	yes	-	-	-	-	agcugguguugugaaucaggccg	gcuacuucacaacaccagggc	agcugguguugugaaucaggccguugccaaucagagaacggcuacuucacaacaccagggc	chr3:44114233..44114294:+
chr1_792	2323.3		-	4554	4545	0	9	yes	-	-	-	-	guacaguacugugauaacugaa	caguuaucacagugcugaugc	caguuaucacagugcugaugcugucuauucuaaagguacaguacugugauaacugaa	chr1:65058441..65058498:-
chr1_45	2274.2		-	4458	4456	0	2	yes	-	-	-	-	uaauacugucugguaaaaccgu	ucuuaccagacaugguuagacc	ucuuaccagacaugguuagaccuggcccucugucuaauacugucugguaaaaccgu	chr1:1169020..1169076:+
chr9_4985	2269.9		-	4450	4439	0	11	yes	-	-	-	-	uggcucaguucagcaggaacag	gugccuacugagcugauaucag	gugccuacugagcugauaucaguucucauuuuacacacuggcucaguucagcaggaacag	chr9:95086025..95086085:+
chr12_6591	2225.6		-	4365	3777	0	588	yes	-	-	-	-	ucagugcaucacagaacuuuguc	gaaguucuguuauacacucaggcu	gaaguucuguuauacacucaggcuguggcucucugaaagucagugcaucacagaacuuuguc	chr12:54337238..54337300:+
chr2_1408	2215.2		-	4343	4341	0	2	yes	-	-	-	-	uacccuguagaaccgaauuugu	agauucgauucuaggggaaua	uacccuguagaaccgaauuugugugguauccguauagucacagauucgauucuaggggaaua	chr2:176150328..176150390:+
chr22_10511	2009.5		-	3946	3575	0	371	no	-	-	-	-	cagugcaaugaugaaagggcau	acucuuucccuguugcacuacu	acucuuucccuguugcacuacuauaggccgcugggaagcagugcaaugaugaaagggcau	chr22:21653315..21653375:+
chr17_8506	2004.4		-	3929	3786	1	142	yes	-	-	-	-	ugcggggcuagggcuaacagca	cuguugccacuaaccucaacc	ugcggggcuagggcuaacagcagucuuacugaagguuuccuggaaaccacgcacaugcuguugccacuaaccucaacc	chr17:12081908..12081986:+
chr7_4235	1850.1		-	3626	2163	0	1463	yes	-	-	-	-	uuuuucauuauugcuccugacc	ucaagagcaauaacgaaaaaug	ucaagagcaauaacgaaaaauguuugucauaaaccguuuuucauuauugcuccugacc	chr7:130496125..130496183:+
chr9_4978	1794.7		-	3517	3062	0	455	yes	-	-	-	-	agagguaguagguugcauaguu	cuauacgaccugcugccuuucu	agagguaguagguugcauaguuuuagggcagggauuuugcccacaaggagguaacuauacgaccugcugccuuucu	chr9:94178840..94178916:+
chr2_1506	1780.4		-	3496	3489	0	7	no	-	-	-	-	ucuggcuccgugucuucacuccc	gagggagggacgggggcugugc	ucuggcuccgugucuucacucccgugcuuguccgaggagggagggagggacgggggcugugc	chr2:240456014..240456076:+
chr1_949	1476.9		-	2894	2826	0	68	yes	-	-	-	-	ucuuugguuaucuagcuguauga	auaaagcuagauaaccgaaagu	ucuuugguuaucuagcuguaugagugguguggagucuucauaaagcuagauaaccgaaagu	chr1:156420353..156420414:-
chr5_3105	1476.9		-	2894	2826	0	68	yes	-	-	-	-	ucuuugguuaucuagcuguauga	auaaagcuagauaaccgaaagu	ucuuugguuaucuagcuguaugaguguauuggucuucauaaagcuagauaaccgaaagu	chr5:88666865..88666924:-
chr15_7728	1476.8		-	2894	2826	0	68	yes	-	-	-	-	ucuuugguuaucuagcuguauga	auaaagcuagauaaccgaaagu	ucuuugguuaucuagcuguaugagugccacagagccgucauaaagcuagauaaccgaaagu	chr15:89368031..89368092:+
chr3_2036	1355.9		-	2660	2419	0	241	yes	-	-	-	-	uagcagcacaucaugguuuaca	cgaaucauuauuugcugcucu	uagcagcacaucaugguuuacaugcuacagucaagaugcgaaucauuauuugcugcucu	chr3:160404606..160404665:+
chr7_4445	1204.6		-	2359	1234	4	1121	yes	-	-	-	-	uaaagugcugacagugcagau	ccgcacuguggguacuugcu	uaaagugcugacagugcagauagugguccucuccgugcuaccgcacuguggguacuugcu	chr7:100094003..100094063:-
chr14_7383	1173.4		-	2298	2294	0	4	yes	-	-	-	-	gugaaauguuuaggaccacuag	agugguucuuaacaguucaaca	agugguucuuaacaguucaacaguucuguagcgcaauugugaaauguuuaggaccacuag	chr14:104117430..104117490:+
chr12_6588	1139.1		-	2231	2192	0	39	yes	-	-	-	-	uagguaguuucauguuguuggg	ucggcaacaagaaacugccugagu	uagguaguuucauguuguugggauugaguuuugaacucggcaacaagaaacugccugagu	chr12:53991761..53991821:+
chr13_7066	1094.2		-	2144	1991	0	153	yes	-	-	-	-	caaagugcuuacagugcagguag	acugcagugaaggcacuuguagc	caaagugcuuacagugcagguagugauaugugcaucuacugcagugaaggcacuuguagc	chr13:91350617..91350677:+
chr17_8950	1020.4		-	2005	2002	0	3	no	-	-	-	-	uuuccggcucgcgugggugugu	ggacccacccggccgggaaua	ggacccacccggccgggaauagugcuccugguuguuuccggcucgcgugggugugu	chr17:19344512..19344568:-
chr13_7149	923.1		-	1810	1809	0	1	yes	-	-	-	-	uagcagcacauaaugguuugu	caggccauauugugcugccuc	uagcagcacauaaugguuuguggauuuugaaaaggugcaggccauauugugcugccuc	chr13:50049130..50049188:-
chr5_3271	921.7		-	1806	1774	2	30	yes	-	-	-	-	uuauaaagcaaugagacugauu	uccgucucaguuacuuuauagcc	uuauaaagcaaugagacugauugucauaugucguuugugggauccgucucaguuacuuuauagcc	chr5:180015317..180015382:-
chr12_6655	919.8		-	1801	1738	0	63	yes	-	-	-	-	gccccugggccuauccuagaa	cuagguauggucccagggaucc	cuagguauggucccagggaucccagaucaaaccaggccccugggccuauccuagaa	chr12:95308444..95308500:+
chr16_8037	895.6		-	1754	1735	0	19	yes	-	-	-	-	aacuggcccucaaagucccgcu	cgggguuuugagggcgagauga	cgggguuuugagggcgagaugaguuuauguuuuauccaacuggcccucaaagucccgcu	chr16:14303979..14304038:+
chr16_8173	891.5		-	1745	1702	0	43	yes	-	-	-	-	accacaggguagaaccacggac	cagugguuuuacccuaugguag	cagugguuuuacccuaugguagguuacgucaugcuguucuaccacaggguagaaccacggac	chr16:69933102..69933164:+
chr11_6118	890.1		-	1742	1675	0	67	yes	-	-	-	-	cugugcgugugacagcggcuga	agccccugcccaccgcacacug	agccccugcccaccgcacacugcgcugccccagacccacugugcgugugacagcggcuga	chr11:568111..568171:-
chr4_2421	888.7		-	1739	866	0	873	yes	-	-	-	-	cacgcucaugcacacacccaca	ugagugugugugugugagugugu	ugagugugugugugugagugugugucgcuccggguccacgcucaugcacacacccaca	chr4:38868055..38868113:+
chr11_6066	838.4		-	1643	1628	0	15	yes	-	-	-	-	aggcaguguaguuagcugauugc	aaucacuaaccacacggccagg	aggcaguguaguuagcugauugcuaauaguaccaaucacuaaccacacggccagg	chr11:111513450..111513505:+
chr9_4981	784.8		-	1537	1536	0	1	yes	-	-	-	-	aucacauugccagggauuaccac	ggguuccuggcaugcugauuugu	ggguuccuggcaugcugauuugugacuuaagauuaaaaucacauugccagggauuaccac	chr9:95085227..95085287:+
chr19_9438	777.9		-	1523	1089	0	434	yes	-	-	-	-	aacauucaaccugucggugaguu	accaucgaccguugaguggacc	aacauucaaccugucggugaguuugggcagcucaggcaaaccaucgaccguugaguggacc	chr19:13874724..13874785:+
chr11_6469	775.2		-	1518	1256	0	262	yes	-	-	-	-	ucccugagacccuaacuuguga	acggguuaggcucuugggagc	ucccugagacccuaacuugugauguuuaccguuuaaauccacggguuaggcucuugggagc	chr11:122099769..122099830:-
chr13_7072	770.1		-	1508	1497	0	11	yes	-	-	-	-	uaaagugcuuauagugcagguag	acugcauuaugagcacuuaaagu	uaaagugcuuauagugcagguaguguuuaguuaucuacugcauuaugagcacuuaaagu	chr13:91351071..91351130:+
chr17_9079	763.2		-	1495	1490	0	5	yes	-	-	-	-	uagguaguuucauguuguuggg	acaacaacauuaaaccacccga	uagguaguuucauguuguugggccuggguuucugaacacaacaacauuaaaccacccga	chr17:48632494..48632553:-
chr13_7073	756.4		-	1481	1477	0	4	yes	-	-	-	-	ugugcaaauccaugcaaaacuga	aguuuugcagguuugcauccagc	aguuuugcagguuugcauccagcugugugauauucugcugugcaaauccaugcaaaacuga	chr13:91351206..91351267:+
chr21_10334	752.9		-	1474	1471	0	3	yes	-	-	-	-	ugagguaguagguuguaugguu	cuguacaaccuucuagcuuucc	ugagguaguagguuguaugguuuagaguuacacccugggaguuaacuguacaaccuucuagcuuucc	chr21:16539837..16539904:+
chr21_10336	731.8		-	1433	1252	0	181	yes	-	-	-	-	ucccugagacccuaacuuguga	acaagucaggcucuugggaccu	ucccugagacccuaacuugugagguauuuuaguaacaucacaagucaggcucuugggaccu	chr21:16590252..16590313:+
chr1_289	657.8		-	1287	1285	0	2	yes	-	-	-	-	uucaccaccuucuccacccagc	cggguagagagggcagugggagg	cggguagagagggcagugggagguaagagcucuucacccuucaccaccuucuccacccagc	chr1:109598900..109598961:+
chr17_9102	558.4		-	1093	976	1	116	yes	-	-	-	-	uagugcaauauugcuuauaggguu	acccuaucaauauugucucugc	acccuaucaauauugucucugcuguguaaauaguucugaguagugcaauauugcuuauaggguu	chr17:59137785..59137849:-
chr2_1373	524.1		-	1026	898	0	128	yes	-	-	-	-	ucacagugaaccggucucuuu	cggggccguagcacugucuga	cggggccguagcacugucugagagguuuacauuucucacagugaaccggucucuuu	chr2:135665410..135665466:+
chr2_1422	484.8		-	947	938	0	9	yes	-	-	-	-	aucaaggaucuuaaacuuugcc	caaaguuuaagauccuugaagu	aucaaggaucuuaaacuuugccagagcuacaaaggcaaaguuuaagauccuugaagu	chr2:188297516..188297573:+
chrX_11012	466.2		-	912	741	0	171	yes	-	-	-	-	cuuaucagauuguauuguaauu	uuauaauacaaccugauaagug	uuauaauacaaccugauaaguguuauagcacuuaucagauuguauuguaauu	chrX:74287294..74287346:-
chrX_11006	437.5		-	856	851	0	5	yes	-	-	-	-	aucaacagacauuaauugggcgc	cucauuaaauguuuguugaaug	cucauuaaauguuuguugaaugaaaaaaugaaucaucaacagacauuaauugggcgc	chrX:74218391..74218448:-
chr19_9899	430.9		-	842	626	0	216	yes	-	-	-	-	ucucugggccugugucuuaggcu	caaagcacacggccugcagagagg	ucucugggccugugucuuaggcucugcaagaucaaccgagcaaagcacacggccugcagagagg	chr19:45639006..45639070:-
chr7_4359	429.8		-	841	840	0	1	yes	-	-	-	-	uagguaguuuccuguuguuggg	cgacagcacgacacugccuuca	uagguaguuuccuguuguugggauccaccuuucucucgacagcacgacacugccuuca	chr7:27169491..27169549:-
chr3_2091	408.5		-	798	793	0	5	yes	-	-	-	-	gaaauuauuguacaucggauga	caucugauauacaauauuuucuu	caucugauauacaauauuuucuuaaauuguauaaagagaaauuauuguacaucggauga	chr3:189829936..189829995:+
chr17_8795	398.8		-	779	539	0	240	yes	-	-	-	-	ucagcaccaggauauuguuggag	ucaacaaaaucacugaugcuggagu	ucaacaaaaucacugaugcuggagucgccugagucaucacucagcaccaggauauuguuggag	chr17:81125885..81125948:+
chr11_6411	370.5		-	722	708	0	14	yes	-	-	-	-	ucucacuguagccucgaacccc	cgguuugaggcuacagugagau	cgguuugaggcuacagugagaugugauccugccacaucucacuguagccucgaacccc	chr11:93733690..93733748:-
chrX_10816	354.5		-	695	667	0	28	yes	-	-	-	-	caugccuugaguguaggaccgu	ccucccacacccaaggcuugca	caugccuugaguguaggaccguuggcaucuuaauuacccucccacacccaaggcuugca	chrX:50003166..50003225:+
chr10_5470	335.5		-	655	625	0	30	yes	-	-	-	-	ugagaacugaauuccauaggcugu	gcccuguggacucaguucuggu	ugagaacugaauuccauaggcugugagcucuagcaaugcccuguggacucaguucuggu	chr10:102436519..102436578:+
chr17_8849	334.6		-	661	305	0	356	no	-	-	-	-	cgcauccccuagggcauuggugu	ccacugccccaggugcugcug	cgcauccccuagggcauugguguaaagcuggagacccacugccccaggugcugcug	chr17:7223308..7223364:-
chr17_9072	294.9		-	575	441	0	134	yes	-	-	-	-	ucagugcaugacagaacuugggc	cagguucugugauacacuccgacu	cagguucugugauacacuccgacucgggcucuggagcagucagugcaugacagaacuugggc	chr17:48037171..48037233:-
chr13_7069	254.6		-	497	496	0	1	yes	-	-	-	-	ugugcaaaucuaugcaaaacuga	uaguuuugcauaguugcacua	uaguuuugcauaguugcacuacaagaagaauguaguugugcaaaucuaugcaaaacuga	chr13:91350902..91350961:+
chr5_3072	241.7		-	471	400	0	71	yes	-	-	-	-	uaacugguugaacaacugaacc	uuacaguuguucaaccaguuacu	uuacaguuguucaaccaguuacuaaucuaacuaauuguaacugguugaacaacugaacc	chr5:59703629..59703688:-
chr1_637	239.5		-	467	434	2	31	yes	-	-	-	-	uggcagugucuuagcugguuguu	caaucagcaaguauacugcccu	uggcagugucuuagcugguuguugugagcaauaguaaggaagcaaucagcaaguauacugcccu	chr1:9151692..9151756:-
chr1_1058	221.9		-	433	407	0	26	yes	-	-	-	-	uagcaccauuugaaaucgguua	accgauuucuccugguguucagag	accgauuucuccugguguucagagucuguuuuugucuagcaccauuugaaaucgguua	chr1:207801864..207801922:-
chr21_10332	221.8		-	432	411	0	21	yes	-	-	-	-	aacccguagauccgaucuugug	caagcucgcuucuaugggucugu	aacccguagauccgaucuuguggugaaguggaccgcacaagcucgcuucuaugggucugu	chr21:16539100..16539160:+
chr17_8826	206.5		-	402	382	0	20	yes	-	-	-	-	uaacagucuacagccauggucg	accguggcuuucgauuguuacu	accguggcuuucgauuguuacugugggaacuggagguaacagucuacagccauggucg	chr17:2049928..2049986:-
chr13_7068	181.1		-	356	299	0	57	yes	-	-	-	-	uaaggugcaucuagugcagauag	acugcccuaagugcuccuucugg	uaaggugcaucuagugcagauagugaaguagauuagcaucuacugcccuaagugcuccuucugg	chr13:91350755..91350819:+
chrX_11037	173.2		-	337	185	0	152	yes	-	-	-	-	uuaucagaaucuccagggguac	ucccccaggugugauucugauuug	uuaucagaaucuccagggguacuuuauaauuucaaaaagucccccaggugugauucugauuug	chrX:85903639..85903702:-
chrX_10819	162.5		-	316	310	0	6	yes	-	-	-	-	augcaccugggcaaggauucuga	uaauccuugcuaccugggugagagu	uaauccuugcuaccugggugagagugcugucugaaugcaaugcaccugggcaaggauucuga	chrX:50008442..50008504:+
chr7_4490	155.2		-	302	294	1	7	yes	-	-	-	-	uagcaccauuugaaaucaguguu	gcugguuucauauggugguuuaga	gcugguuucauauggugguuuagauuuaaauagugauugucuagcaccauuugaaaucaguguu	chr7:130877466..130877530:-
chr16_8039	154.5		-	301	292	0	9	yes	-	-	-	-	uaaugccccuaaaaauccuuau	agggacuuuugggggcagaugug	agggacuuuugggggcagauguguuuccauuccacuaucauaaugccccuaaaaauccuuau	chr16:14309299..14309361:+
chr22_10490	152.8		-	296	249	0	47	yes	-	-	-	-	uggagagaaaggcaguuccuga	aggggcuggcuuuccucuggu	uggagagaaaggcaguuccugaugguccccuccccaggggcuggcuuuccucuggu	chr22:20033152..20033208:+
chr14_7331	147.4		-	286	254	0	32	yes	-	-	-	-	ucucacacagaaaucgcacccguc	aggggugcuaucugugauugagggac	aggggugcuaucugugauugagggacaugguuaauggaauugucucacacagaaaucgcacccguc	chr14:100109672..100109738:+
chr22_10535	137.9		-	268	265	0	3	yes	-	-	-	-	caccuugcgcuacucaggucugc	gaaucugagaaggcgcacaaggu	gaaucugagaaggcgcacaagguuuguguccaauacaguccacaccuugcgcuacucaggucugc	chr22:30731567..30731632:+
chr11_6285	129.2		-	250	248	0	2	yes	-	-	-	-	uguaacagcaacuccaugugga	ccaguggggcugcuguuaucug	uguaacagcaacuccauguggaagugcccacugguuccaguggggcugcuguuaucug	chr11:64891367..64891425:-
chrX_11135	115.7		-	224	168	0	56	yes	-	-	-	-	ucaaaugcucagacuccuguggu	acggauguuugagcaugugcu	ucaaaugcucagacuccugugguggcugcuuaugcaccacggauguuugagcaugugcu	chrX:152394421..152394480:-
chrX_11131	115.3		-	223	168	0	55	yes	-	-	-	-	ucaaaugcucagacuccuguggu	acggauguuugagcaugugcu	ucaaaugcucagacuccugugguggcugcucaugcaccacggauguuugagcaugugcu	chrX:152392228..152392287:-
chr9_5163	113.2		-	219	157	0	62	yes	-	-	-	-	uggaagacuagugauuuuguuguu	caacaaaucacagucugccaua	uggaagacuagugauuuuguuguuuuuagauaacuaaaucgacaacaaaucacagucugccaua	chr9:83969770..83969834:-
chr7_4479	110.8		-	214	207	1	6	yes	-	-	-	-	uuuggcacuagcacauuuuugcu	caaucaugugcagugccaauau	uuuggcacuagcacauuuuugcuugugucucuccgcucugagcaaucaugugcagugccaauau	chr7:129774697..129774761:-
chrX_11105	110.1		-	213	174	0	39	yes	-	-	-	-	cagcagcaauucauguuuugaa	caaaacgugaggcgcugcuaua	cagcagcaauucauguuuugaaguguucuaaaugguucaaaacgugaggcgcugcuaua	chrX:134546642..134546701:-
chr12_6589	105.4		-	203	202	0	1	yes	-	-	-	-	uccgagccugggucucccucu	gggguccccggugcucggauc	gggguccccggugcucggaucucgagggugcuuauuguucgguccgagccugggucucccucu	chr12:54033967..54034030:+
chrX_11116	100.1		-	193	188	0	5	yes	-	-	-	-	cgucaacacuugcugguuuccu	gggagccaggaaguauugauguuu	gggagccaggaaguauugauguuucugccaguuuagcgucaacacuugcugguuuccu	chrX:139924159..139924217:-
chr16_8409	93.1		-	180	169	0	11	yes	-	-	-	-	ccaguccugugccugccgccu	gaggcagaagcaggaugaca	ccaguccugugccugccgccuuugugcuguccuuggagggaggcagaagcaggaugaca	chr16:85741630..85741689:-
chrX_11127	91.3		-	176	173	0	3	yes	-	-	-	-	caagucacuagugguuccguuuag	aauggugcccuagugacuaca	caagucacuagugguuccguuuaguagaugauugugcauuguuucaaaauggugcccuagugacuaca	chrX:151958583..151958651:-
chrX_11007	76.4		-	147	109	0	38	yes	-	-	-	-	auauaauacaaccugcuaagug	cuuagcagguuguauuaucauu	auauaauacaaccugcuaaguguccuagcacuuagcagguuguauuaucauu	chrX:74218556..74218608:-
chr11_6064	75.8		-	146	120	0	26	yes	-	-	-	-	aggcagugucauuagcugauugu	aaucacuaacuccacugccauc	aggcagugucauuagcugauuguacuguggugguuacaaucacuaacuccacugccauc	chr11:111512950..111513009:+
chr20_10049	75.3		-	145	134	0	11	yes	-	-	-	-	ccaaaacugcaguuacuuuugc	aaaaguaauugcgguuuuugcc	aaaaguaauugcgguuuuugccauuaaaaguaaugcggccaaaacugcaguuacuuuugc	chr20:38516568..38516628:+
chr9_5204	71.3		-	137	68	2	67	yes	-	-	-	-	caauuuagugugugugauauu	uauugcacauuacuaaguugc	uauugcacauuacuaaguugcauguugucacggccucaaugcaauuuagugugugugauauu	chr9:109046231..109046293:-
chrX_11102	66.5		-	128	107	0	21	yes	-	-	-	-	ugugacagauugauaacugaaa	ucggggaucaucaugucacgaga	ucggggaucaucaugucacgagauaccagugugcacuugugacagauugauaacugaaa	chrX:134541363..134541422:-
chr1_1055	66		-	126	119	0	7	yes	-	-	-	-	uauggcuuuucauuccuauguga	uguagggcuaaaagccaugggc	uauggcuuuucauuccuaugugauugcugucccaaacucauguagggcuaaaagccaugggc	chr1:205448321..205448383:-
chr4_2492	65.8		-	126	95	0	31	yes	-	-	-	-	auucuaauuucuccacgucuuug	aagauguggaaaaauuggaaucc	auucuaauuucuccacgucuuugguaauaagguuuggcaaagauguggaaaaauuggaaucc	chr4:109488712..109488774:+
chr22_10734	65.7		-	126	123	0	3	yes	-	-	-	-	acgcccuucccccccuucuuca	aggagggaggagaugggccaaguuc	aggagggaggagaugggccaaguucccucuggcuggaacgcccuucccccccuucuuca	chr22:45200957..45201016:-
chr10_5722	65.4		-	133	96	0	37	no	-	-	-	-	caccgcggucuuuuccucccac	uuggggaaacggccgcugagugagg	uuggggaaacggccgcugagugaggcgucggcuguguuucucaccgcggucuuuuccucccac	chr10:114174109..114174172:-
chr1_1011	61.6		-	134	90	0	44	no	-	-	-	-	uauggaggucucugucuggcu	ucugaucguuccccuccguacag	uauggaggucucugucuggcuuaggacagcuggcuaagucugaucguuccccuccguacag	chr1:175968398..175968459:-
chr6_3804	60.1		-	115	114	0	1	yes	-	-	-	-	uccgugacuaaacaacugaggc	acaguuguuuagucacggcucugu	acaguuguuuagucacggcucugugcuccgugacuaaacaacugaggc	chr6:28587792..28587840:-
chr1_826	58.3		-	111	108	0	3	yes	-	-	-	-	uuauugcuuaagaauacgcguag	acggguauucuuggguggauaaua	acggguauucuuggguggauaauacggauuacguuguuauugcuuaagaauacgcguag	chr1:98046090..98046149:-
chr22_10572	58		-	110	54	12	44	yes	-	-	-	-	gugcauuguaguugcauugca	caauguuuccacagugcauca	gugcauuguaguugcauugcauguucuggugguacccaugcaauguuuccacagugcauca	chr22:41900948..41901009:+
chr7_4139	57.9		-	112	104	1	7	yes	-	-	-	-	uaauuuuauguauaagcuagu	gagcuuauucauaaaagugcag	gagcuuauucauaaaagugcaguauggugaagucaaucuguaauuuuauguauaagcuagu	chr7:74191212..74191273:+
chr1_565	55.2		-	106	103	0	3	yes	-	-	-	-	ucugugagaccaaagaacuacu	auuguucuuuggucuuucagc	auuguucuuuggucuuucagccaugaccugaccuucugucugugagaccaaagaacuacu	chr1:243346186..243346246:+
chr19_9668	54.4		-	104	93	0	11	yes	-	-	-	-	cuacaaaggaaagcgcuuucug	aaaucgcuucccuuuggagug	cuacaaaggaaagcgcuuucuguugucugaaagaaaagaaaucgcuucccuuuggagug	chr19:53758245..53758304:+
chr7_4267	53.5		-	101	82	0	19	yes	-	-	-	-	uccgguucucagggcuccacc	aggaagcccuggaggggcuggagg	aggaagcccuggaggggcuggaggugauggauguuuuccuccgguucucagggcuccacc	chr7:151238448..151238508:+
chr12_6881	51.1		-	98	97	0	1	yes	-	-	-	-	uuuccucucugccccauagggug	ucuagggaagagaagguugggug	uuuccucucugccccauaggguguagcucuaacuacccucuagggaagagaagguugggug	chr12:86745075..86745136:-
chr17_8841	49.2		-	93	82	0	11	yes	-	-	-	-	uagcagcacagaaauauuggca	ccaauauuggcugugcugcucc	uagcagcacagaaauauuggcacagggaagcgagucugccaauauuggcugugcugcucc	chr17:7017627..7017687:-
chr1_1080	44.3		-	89	81	0	8	yes	-	-	-	-	uauucauuuauccccagccuaca	acuggcuagggaaaaugauugga	acuggcuagggaaaaugauuggauagaaacuauuauucuauucauuuauccccagccuaca	chr1:220200548..220200609:-
chrX_10818	42.1		-	80	79	0	1	yes	-	-	-	-	caucccuugcaugguggagggu	cucccacaugcaggguuugca	caucccuugcaugguggagggugagcuuucugaaaaccccucccacaugcaggguuugca	chrX:50003516..50003576:+
chr10_5497	40.5		-	77	50	0	27	yes	-	-	-	-	aaaaacugagacuacuuuugca	caaaagcaaucgcgguuuuugc	caaaagcaaucgcgguuuuugcuauuacuuuuaaaggcaaaaacugagacuacuuuugca	chr10:110988939..110988999:+
chr12_6622	32.5		-	64	63	0	1	yes	-	-	-	-	aaagcaaauguugggugaacggcu	ccaugcaccuuacucuugcug	aaagcaaauguugggugaacggcuguuuccucuuauucaagccaugcaccuuacucuugcug	chr12:63823662..63823724:+
chr5_3202	32.3		-	68	58	0	10	no	-	-	-	-	cugcccuggcccgagggaccgac	cggccccacgcaccaggguaag	cggccccacgcaccaggguaagagagacucucgcuuccugcccuggcccgagggaccgac	chr5:137647580..137647640:-
chr15_7825	30.5		-	58	30	0	28	yes	-	-	-	-	augcugacauauuuacuagagg	ucuaguaagaguggcagucgaag	augcugacauauuuacuagaggguaaaauuaauaaccuucuaguaagaguggcagucgaag	chr15:55372951..55373012:-
chr19_9677	29.6		-	54	53	0	1	yes	-	-	-	-	caguuaccgcuuccgcuaccgc	aguggcgggagcggccccuc	aguggcgggagcggccccucggccauccuccgucugcccaguuaccgcuuccgcuaccgc	chr19:53982324..53982384:+
chr7_4077	28.9		-	53	32	0	21	yes	-	-	-	-	ugucuuacucccucaggcacau	agugccugagggaguaagagcc	agugccugagggaguaagagcccuguuguugucagauagugucuuacucccucaggcacau	chr7:32733001..32733062:+
chr7_4071	28.6		-	53	32	0	21	yes	-	-	-	-	ugucuuacucccucaggcacau	agugccugagggaguaagagcc	agugccugagggaguaagagcccuguuguuguaagauagugucuuacucccucaggcacau	chr7:30289814..30289875:+
chrX_10824	28.1		-	52	23	0	29	yes	-	-	-	-	aauccuuugucccugggugagagu	aaugcacccgggcaaggauucug	aauccuuugucccugggugagagugcuuucugaaugcaaugcacccgggcaaggauucug	chrX:50009734..50009794:+
chr22_10543	27.7		-	51	49	0	2	yes	-	-	-	-	uguccucuagggccugcagucu	gagcaggcuccgggggacagg	gagcaggcuccgggggacagggaaaagcacacaaggaacuuguccucuagggccugcagucu	chr22:35335669..35335731:+
chrX_10829	24.3		-	44	34	0	10	yes	-	-	-	-	aaugcaccugggcaaggauuc	aauccuugcuaucugggugcuagu	aauccuugcuaucugggugcuagugcuggcucaaugcaaugcaccugggcaaggauuc	chrX:50014611..50014669:+
chr17_8828	24.1		-	44	34	0	10	yes	-	-	-	-	uaacagucuccagucacggcc	accuuggcucuagacugcuuacu	accuuggcucuagacugcuuacugcccgggccgcccucaguaacagucuccagucacggcc	chr17:2050289..2050350:-
chr11_6237	23.6		-	50	45	0	5	no	-	-	-	-	cggcggggacggcgauugguc	accggccgccggcuccgcc	cggcggggacggcgauugguccguauguguggugccaccggccgccggcuccgcc	chr11:61815174..61815229:-
chrX_11099	23.2		-	44	43	0	1	yes	-	-	-	-	uuuugcgauguguuccuaauau	uuggggacauuuugcauucau	uuuugcgauguguuccuaauauguaauauaaauguauuggggacauuuugcauucau	chrX:134540528..134540585:-
chr14_7288	23		-	40	20	0	20	yes	-	-	-	-	agggggaaaguucuauaguccu	gacuauagaacuuucccccuca	agggggaaaguucuauaguccuguaauuagaucucaggacuauagaacuuucccccuca	chr14:65471115..65471174:+
chr11_KI270721v1_random_11348	22.9		-	41	15	0	26	yes	-	-	-	-	cuguaugcccucaccgcucagc	uggugcggagagggcccacagugg	uggugcggagagggcccacaguggacuuggugacgcuguaugcccucaccgcucagc	chr11_KI270721v1_random:51947..52004:-
chr11_6130	22.9		-	41	15	0	26	yes	-	-	-	-	cuguaugcccucaccgcucagc	uggugcggagagggcccacagugg	uggugcggagagggcccacaguggacuuggugacgcuguaugcccucaccgcucagc	chr11:1996765..1996822:-
chr14_7489	22.8		-	40	20	0	20	yes	-	-	-	-	agggggaaaguucuauaguccu	gacuauagaacuuucccccuca	agggggaaaguucuauaguccugagaucuaauuacaggacuauagaacuuucccccuca	chr14:65471113..65471172:-
chr15_7801	22.8		-	41	31	2	8	yes	-	-	-	-	gugagucucuaagaaaagagga	ucuuuucuuugagacucacu	gugagucucuaagaaaagaggaggugguuguuuuccuccucuuuucuuugagacucacu	chr15:42199592..42199651:-
chr14_7457	22.6		-	40	21	0	19	yes	-	-	-	-	aaaaaccgugauuacuuuugca	aaaaguaaucacuguuuuugcc	aaaaguaaucacuguuuuugccauuacucucaguggcaaaaaccgugauuacuuuugca	chr14:47761023..47761082:-
chr9_5226	22.1		-	41	33	0	8	yes	-	-	-	-	acaguagucugcacauugguua	cccaguguuuagacuaucuguuc	cccaguguuuagacuaucuguucaggacucccaaauuguacaguagucugcacauugguua	chr9:128244744..128244805:-
chr19_9661	21.5		-	40	39	0	1	yes	-	-	-	-	aaaaugguucccuuuagagug	cucuagagggaagcgcuuucu	cucuagagggaagcgcuuucuguugucugaaagaaaagaaaaugguucccuuuagagug	chr19:53751225..53751284:+
chr22_10492	21.1		-	47	40	0	7	no	-	-	-	-	ccaccuccccugcaaacgucca	gacguuggcucugguggugau	ccaccuccccugcaaacguccaguggugcagagguaauggacguuggcucugguggugau	chr22:20086071..20086131:+
chr22_10629	20		-	44	41	0	3	no	-	-	-	-	ucccugcagcggucagaggauc	ccccaggcccugcagagcug	ucccugcagcggucagaggaucgguugaguucucagugaccccaggcccugcagagcug	chr22:17831024..17831083:-
chr19_9806	19.8		-	36	33	0	3	yes	-	-	-	-	acaguagucugcacauugguua	cccaguguucagacuaccuguuc	cccaguguucagacuaccuguucaggaggcucucaauguguacaguagucugcacauugguua	chr19:10817428..10817491:-
chr1_984	19.7		-	36	33	0	3	yes	-	-	-	-	acaguagucugcacauugguua	cccaguguucagacuaccuguuc	cccaguguucagacuaccuguucaggacaaugccguuguacaguagucugcacauugguua	chr1:172144553..172144614:-
chr6_3675	19.5		-	34	33	0	1	yes	-	-	-	-	uaguggaugauggagacucggu	ccaagucugcgucauccucu	uaguggaugauggagacucgguacccacugcugaggguggggaccaagucugcgucauccucu	chr6:5148246..5148309:-
chr7_4366	18.4		-	33	32	0	1	yes	-	-	-	-	ugucuuacucccucaggcacau	agugccugagggaguaagagucc	agugccugagggaguaagaguccuguuguuguaagauagugucuuacucccucaggcacau	chr7:29680747..29680808:-
chr10_5533	18.3		-	32	27	0	5	yes	-	-	-	-	ugccccaacaaggaaggacaag	ccugucuuuccuuguuggagc	ugccccaacaaggaaggacaagaggugugagccacacacacgccuggccuccugucuuuccuuguuggagc	chr10:641698..641769:-
chr17_9202	18.1		-	32	30	0	2	yes	-	-	-	-	uccagcaucagugauuuuguuga	aacaauauccuggugcugagu	aacaauauccuggugcugagugaugacucaggcgacuccagcaucagugauuuuguuga	chr17:81125885..81125944:-
chr1_312	16.9		-	29	28	0	1	yes	-	-	-	-	uucucuguuuuggccaugugugu	cacauggccgaaacagagaaguu	uucucuguuuuggccauguguguacucacagccccucacacauggccgaaacagagaaguu	chr1:117094656..117094717:+
chr6_3656	16.2		-	36	17	0	19	no	-	-	-	-	cgcgccugcaggaacugguaga	uuccagcccugguaggcgccgcgg	uuccagcccugguaggcgccgcggaagaaggggaagcgcgccugcaggaacugguaga	chr6:1390323..1390381:-
chr6_3485	16		-	28	22	0	6	yes	-	-	-	-	agaguugagucuggacgucccg	ugauuguccaaacgcaauucucg	ugauuguccaaacgcaauucucgagucuauggcuccggccgagaguugagucuggacgucccg	chr6:33207854..33207917:+
chr11_6381	15.9		-	28	13	1	14	yes	-	-	-	-	aaggagcuuacaaucuagcuggg	caacuagacugugagcuucuag	aaggagcuuacaaucuagcuggggguaaaugacuugcacaugaacacaacuagacugugagcuucuag	chr11:79402031..79402099:-
chrX_10905	15.5		-	30	26	0	4	yes	-	-	-	-	uucauuugccucccagccuaca	augggcuaagggagaugauugggu	augggcuaagggagaugauuggguagaaaguauuauucuauucauuugccucccagccuaca	chrX:154768594..154768656:+
chr19_9337	15		-	33	32	0	1	no	-	-	-	-	uuggccauggggcugcgcggggcc	ccugggcagcguguggcugaagg	ccugggcagcguguggcugaaggucaccauguucuccuuggccauggggcugcgcggggcc	chr19:813589..813650:+
chr5_3117	13.6		-	23	17	0	6	yes	-	-	-	-	agcgcgggcugagcgcugccagu	ugacagcgcccugccuggcucg	agcgcgggcugagcgcugccagucagcgcucacauuaaggcugacagcgcccugccuggcucg	chr5:93620708..93620771:-
chr14_7342	13.3		-	25	24	0	1	yes	-	-	-	-	uaguagaccguauagcguacg	uauguaacacgguccacuaac	uaguagaccguauagcguacgcuuuaucugugacguauguaacacgguccacuaac	chr14:101023339..101023395:+
chr4_2634	13.2		-	22	14	0	8	yes	-	-	-	-	aggaugagcaaagaaaguagauu	aacuaucuucuuugcucauccuu	aggaugagcaaagaaaguagauuuuuuagauucuaaagaaacuaucuucuuugcucauccuu	chr4:101330325..101330387:-
chr4_2482	13.1		-	22	12	0	10	yes	-	-	-	-	aaagugacugugguuuuugcca	caaaaacugcaauuacuuuugc	aaagugacugugguuuuugccauuuuuuuuuaaagcuauggcaaaaacugcaauuacuuuugc	chr4:103422116..103422179:+
chr6_3532	11.4		-	19	18	0	1	yes	-	-	-	-	acaaauugagacuagaugagcc	uuaucuauucccacuuuguaggg	acaaauugagacuagaugagccuuaaugugaaaaggcuuaucuauucccacuuuguaggg	chr6:50444359..50444419:+
chr15_7840	11.3		-	19	17	0	2	yes	-	-	-	-	uccucccaugccaagaacucc	gguucuuagcauaggaggucu	gguucuuagcauaggaggucuucccaugcuaagaaguccucccaugccaagaacucc	chr15:59171192..59171249:-
chr10_5758	11.3		-	18	3	0	15	yes	-	-	-	-	ugugcagcaggccaaccgaga	uucgggcuggccugcugcuccgg	ugugcagcaggccaaccgagaagcgccugcgucucccauuuucgggcuggccugcugcuccgg	chr10:133371578..133371641:-
chr4_2456	11.2		-	19	15	0	4	yes	-	-	-	-	caaaaacugcaguuacuuuugc	aaaagugauugcaguguuugcc	aaaagugauugcaguguuugccaauaaaaguaaugacaaaaacugcaguuacuuuugc	chr4:76575560..76575618:+
chrX_11009	11		-	19	18	0	1	yes	-	-	-	-	ccucaguaaauguuuauuagaug	ucagcaaacauuuauugugug	ccucaguaaauguuuauuagaugaauaaaugaaugacucaucagcaaacauuuauugugug	chrX:74287126..74287187:-
chr16_7967	10.9		-	18	13	0	5	yes	-	-	-	-	ugcacggcacuggggacacgu	uguguacacacgugccaggcgcug	uguguacacacgugccaggcgcugucuugagacauucgcgcagugcacggcacuggggacacgu	chr16:1734994..1735058:+
chr17_8568	10.9		-	19	18	0	1	yes	-	-	-	-	auaauagucuccaacucugauug	ucagagauggaaauuauuaucc	auaauagucuccaacucugauugguuaagauugugcaaucagagauggaaauuauuaucc	chr17:20938407..20938467:+
chr19_9663	10.9		-	18	16	0	2	yes	-	-	-	-	aaagugcauccuuuuagagugu	acucuagagggaagcgcuuucu	acucuagagggaagcgcuuucuguugucugaaagaaaggaaagugcauccuuuuagagugu	chr19:53752409..53752470:+
chr11_5882	10.3		-	17	13	0	4	yes	-	-	-	-	cuuuuugcggucugggcuugc	aagcccuuaccccaaaaagcau	cuuuuugcggucugggcuugcuguacauaacucaauagccggaagcccuuaccccaaaaagcau	chr11:43581407..43581471:+
chr8_4592	10		-	16	15	0	1	yes	-	-	-	-	aacuagcucuguggauccugac	caggauccacagagcuaguc	aacuagcucuguggauccugacagacagccugauagacaggauccacagagcuaguc	chr8:91205493..91205550:+
chr19_9627	9.7		-	16	15	0	1	yes	-	-	-	-	aaagugcaucuuuuuagaggau	cucuagagggaagcgcuuucu	cucuagagggaagcgcuuucuguugucugaaagaaaagaaagugcaucuuuuuagaggau	chr19:53686483..53686543:+
chr14_7539	9.4		-	23	20	0	3	no	-	-	-	-	acccgucccguucguccccggac	cgggaacgucgagacuggagc	acccgucccguucguccccggacguugcucucuaccccgggaacgucgagacuggagc	chr14:101560325..101560383:-
chr5_2934	9.2		-	15	8	0	7	yes	-	-	-	-	uuuuagagacggggucuugcuc	uagcgagaccucaacucuacaa	uagcgagaccucaacucuacaauuuuuuuuuuuuuaaauuuuagagacggggucuugcuc	chr5:154685787..154685847:+
chr6_3996	9		-	15	13	0	2	yes	-	-	-	-	uacgcgcagaccacaggauguc	uuccuguaugugggcgugcacg	uuccuguaugugggcgugcacguaccugucacauguguacgcgcagaccacaggauguc	chr6:166997829..166997888:-
chr19_9747	8.4		-	24	17	0	7	no	-	-	-	-	cacugcauuccugcuuggcccagg	ugagccaguggaauggagaggcu	ugagccaguggaauggagaggcugugggcagggggagaugugaaggaaagaacuaggacccauucauccacugcauuccugcuuggcccagg	chr19:58550285..58550377:+
chr16_8061	7.7		-	12	10	0	2	yes	-	-	-	-	ccuggcggcugugucuucaca	agaaggcacagcuugcacguga	agaaggcacagcuugcacgugaccuccugggccuggcggcugugucuucaca	chr16:16329311..16329363:+
chr16_8047	7.7		-	12	10	0	2	yes	-	-	-	-	ccuggcggcugugucuucaca	agaaggcacagcuugcacguga	agaaggcacagcuugcacgugaccuccugggccuggcggcugugucuucaca	chr16:14930826..14930878:+
chr8_4738	7.5		-	12	8	0	4	yes	-	-	-	-	uggccaaugaguaccugaaccc	cuccagguacucauuggcuguua	cuccagguacucauuggcuguuagauuacaccuaauggccaaugaguaccugaaccc	chr8:58849905..58849962:-
chr2_1308	7.4		-	11	7	0	4	yes	-	-	-	-	aucagggcuuguggaaugggaa	uccccuucugcaggccugcugg	aucagggcuuguggaaugggaaggagaagggacgcuuccccuucugcaggccugcugg	chr2:96798287..96798345:+
chr22_10588	7.4		-	11	8	0	3	yes	-	-	-	-	ucagcaggcaggcuggugcag	gggaccauccugccugcuguggg	ucagcaggcaggcuggugcagcccguggugggggaccauccugccugcuguggg	chr22:46091058..46091112:+
chr10_5675	7.1		-	10	4	0	6	yes	-	-	-	-	uucagccaggcuagugcagucu	cugcccuagucuagcugaagcu	uucagccaggcuagugcagucugcuuugugccaacacuggggugaugacugcccuagucuagcugaagcu	chr10:96064320..96064390:-
chr19_9334	7		-	18	5	0	13	no	-	-	-	-	gacgucucacggucccucucccc	ugaguggggcucccgggacggcgc	ugaguggggcucccgggacggcgcccgcccuggcccuggcccggcgacgucucacggucccucucccc	chr19:804940..805008:+
chr8_4595	6.9		-	10	8	0	2	yes	-	-	-	-	ugacagagcgagaccuugucu	ccaagucuuaaucugucauccagg	ugacagagcgagaccuugucucuuuuuuuucucgagaccaagucuuaaucugucauccagg	chr8:94913776..94913837:+
chr14_7426	6.8		-	10	6	0	4	yes	-	-	-	-	gagguccgcagcugcucugccu	ucacagagcagcuguuggauccc	ucacagagcagcuguuggauccccaccaagugucuggagguccgcagcugcucugccu	chr14:22978184..22978242:-
chr11_5969	6.7		-	11	8	0	3	yes	-	-	-	-	augggccgaggcuguucugagc	ccagcaaugaccucugcucauuu	ccagcaaugaccucugcucauuuuugcauuuuugacuuaugggccgaggcuguucugagc	chr11:65795508..65795568:+
chr2_1285	6.4		-	9	7	0	2	yes	-	-	-	-	ucaggacacuucugaacuugg	caguucagaaguguuccugaguaa	caguucagaaguguuccugaguaacuugugcuuauaacucaggacacuucugaacuugg	chr2:75090834..75090893:+
chr12_6948	6.4		-	9	4	0	5	yes	-	-	-	-	cucucgccaggcguccucguggaa	caggggucgccggcgggaag	cucucgccaggcguccucguggaagguucgugugcuaguuagaugggcgccaggggucgccggcgggaag	chr12:120201037..120201107:-
chr21_10378	6.3		-	9	4	0	5	yes	-	-	-	-	ucuggggaugcagcucucucc	ugaggagugcaugaccagccu	ucuggggaugcagcucucucccuggcucugggugaggagugcaugaccagccu	chr21:37654827..37654880:+
chr19_9634	6.3		-	9	8	0	1	yes	-	-	-	-	cucuugagggaagcacuuucug	gaaagugcuuccuuuuagaggc	cucuugagggaagcacuuucuguugucugaaagaagagaaagugcuuccuuuuagaggc	chr19:53694405..53694464:+
chr9_5048	6.1		-	9	4	0	5	yes	-	-	-	-	agauguccagccacaauucucg	aagaauugcguuuggacaauc	agauguccagccacaauucucgguuggccgcagacucguacaagaauugcguuuggacaauc	chr9:128392633..128392695:+
chr17_8654	6		-	9	8	0	1	yes	-	-	-	-	ccuggccuguuuuaacccugugc	caggguuuugcagaccgggucu	ccuggccuguuuuaacccugugcauucuggccaaugagaaaccccaggguuuugcagaccgggucu	chr17:38887031..38887097:+
chr19_9632	5.9		-	8	7	0	1	yes	-	-	-	-	cuccagagggaaguacuuucug	aaagugcuucccuuuggacu	cuccagagggaaguacuuucuguugucugagagaaaagaaagugcuucccuuuggacu	chr19:53690894..53690952:+
chr16_8276	5.8		-	10	9	0	1	yes	-	-	-	-	aagagcagagaagauggcaccg	gcaccaucuucccuucucuuug	gcaccaucuucccuucucuuugucagccacguguacaauaaagagcagagaagauggcaccg	chr16:8109664..8109726:-
chr1_418	5.8		-	9	4	0	5	yes	-	-	-	-	auauuaccauuagcucaucuu	gaugagcucauuguaauaugag	gaugagcucauuguaauaugagcuucauuuauacauuucauauuaccauuagcucaucuu	chr1:162342560..162342620:+
chr19_9536	5.7		-	7	3	0	4	yes	-	-	-	-	gucccucuccaaaugugucuug	agacacauuuggagagggaacc	gucccucuccaaaugugucuuggggugggggaucaagacacauuuggagagggaacc	chr19:45674942..45674999:+
chr8_4534	5.7		-	9	3	0	6	yes	-	-	-	-	ugugucacucgaugaccacugu	agugguucucuuguggcucaagc	ugugucacucgaugaccacugugaagacaguaaaauguacagugguucucuuguggcucaagc	chr8:9741686..9741749:+
chr19_9528	5.7		-	8	6	0	2	yes	-	-	-	-	gcaggccucacuuggcaccagug	cuggucuaaggagaggcuugggc	gcaggccucacuuggcaccagugcuguguggccucccuggucuaaggagaggcuugggc	chr19:44989376..44989435:+
chr10_5710	5.6		-	9	7	0	2	yes	-	-	-	-	uuucuauuucucaguggggcu	aacccagugggcuauggaaaug	aacccagugggcuauggaaauguguggaagauggcauuucuauuucucaguggggcu	chr10:104268341..104268398:-
chr9_5117	5.5		-	9	6	0	3	yes	-	-	-	-	gcaggaacuugugagucuccu	gagacugaugaguucccggga	gcaggaacuugugagucuccuauugaaaaugaacaggagacugaugaguucccggga	chr9:28888888..28888945:-
chr14_7363	5.5		-	9	8	0	1	yes	-	-	-	-	aauaauacaugguugaucuu	agaucgaccguguuauauucg	agaucgaccguguuauauucgcuuuauugacuucgaauaauacaugguugaucuu	chr14:101065605..101065660:+
chr11_6140	5.5		-	7	6	0	1	yes	-	-	-	-	ugggcccagagcagcuggaggcc	caccagagcccuugggcccggc	caccagagcccuugggcccggcggaccaguccgagcugggcccagagcagcuggaggcc	chr11:6319468..6319527:-
chr19_9430	5.4		-	8	6	0	2	yes	-	-	-	-	uuggaggguguggaagacauc	ucucuucaucuaccccccagg	uuggaggguguggaagacaucugggccaacucugaucucuucaucuaccccccagg	chr19:12940485..12940541:+
chr9_4914	5.3		-	7	4	0	3	yes	-	-	-	-	aguggggaacccuuccaugagg	cuuaugcaagauucccuucuac	aguggggaacccuuccaugaggaguagaacacuccuuaugcaagauucccuucuac	chr9:20716119..20716175:+
chr6_3942	5.2		-	7	5	0	2	yes	-	-	-	-	aaaaguaauugugguuuuggcc	caagaaccucaguugcuuuugu	aaaaguaauugugguuuuggccuuuauuuucaauggcaagaaccucaguugcuuuugu	chr6:119069061..119069119:-
chr17_9081	5.1		-	14	12	0	2	no	-	-	-	-	gcgacugccucccugcugugagc	cccgacagggagguggccg	gcgacugccucccugcugugagcaggagaacaggaagucugcccgacagggagguggccg	chr17:48642606..48642666:-
chr19_9640	4.9		-	7	5	0	2	yes	-	-	-	-	ccucuacagggaagcgcuuucu	aaagugcuuccuuuuagagggu	ccucuacagggaagcgcuuucuguugucugaaagaaaagaaagugcuuccuuuuagagggu	chr19:53701227..53701288:+
chr16_8199	4.7		-	6	4	0	2	yes	-	-	-	-	ugaggugaccgcagaugggaagga	cuuccaucuccaucaccuugagc	cuuccaucuccaucaccuugagcaucuucugggcagcugaggugaccgcagaugggaagga	chr16:81533904..81533965:+
chr12_6962	4.7		-	6	4	0	2	yes	-	-	-	-	acagcgagaggcagcucuggg	caggguacccucucguugcagc	acagcgagaggcagcucuggggcuguguccugacuccagcuaacccaggguacccucucguugcagc	chr12:121004491..121004558:-
chr3_2103	4.6		-	6	5	0	1	yes	-	-	-	-	cgaaaacagcaauuaccuuugc	aaagguaauugcaguuuuucc	aaagguaauugcaguuuuucccauuauuuuaauugcgaaaacagcaauuaccuuugc	chr3:195699424..195699481:+
chr5_3132	4.6		-	6	3	0	3	yes	-	-	-	-	uaaugggaccuuccucuuugguu	caaagagguaggucccaguacugc	caaagagguaggucccaguacugcuaagaucccugcaguaaugggaccuuccucuuugguu	chr5:96079149..96079210:-
chr9_5112	4.5		-	5	4	0	1	yes	-	-	-	-	cuagugcucuccguuacaagu	cuuguaauggagaacacuaagcu	cuuguaauggagaacacuaagcuauggacugcuauggacugcuagugcucuccguuacaagu	chr9:20411161..20411223:-
chr9_5188	4.5		-	6	5	0	1	yes	-	-	-	-	ugauaucagcucaguaggcaccg	uuccugcugaacugagcca	uuccugcugaacugagccaguguguaaaaugagaacugauaucagcucaguaggcaccg	chr9:95086023..95086082:-
chr17_8800	4.4		-	6	5	0	1	yes	-	-	-	-	aagccaucucuccgcgugacuu	gccacguagacagacgccuguug	aagccaucucuccgcgugacuuugaacuugguugaagccacguagacagacgccuguug	chr17:81451117..81451176:+
chr19_9641	4.4		-	6	4	0	2	yes	-	-	-	-	caaagcgcuccccuuuagaggu	cuccagagggaagcgcuuucuguu	cuccagagggaagcgcuuucuguugucugaaagaaaacaaagcgcuccccuuuagaggu	chr19:53702749..53702808:+
chr10_5563	4.3		-	4	3	0	1	yes	-	-	-	-	caccuugccuugcugcccgggccg	ccccagggcgacgcggcgggggc	caccuugccuugcugcccgggccgugcacccgugggccccagggcgacgcggcgggggc	chr10:21496572..21496631:-
chr19_9659	4.3		-	5	3	0	2	yes	-	-	-	-	aaagcgcuucccuuugcuggauu	cugcaaagggaagcccuuucug	cugcaaagggaagcccuuucuguugucuaaaagaagagaaagcgcuucccuuugcuggauu	chr19:53739347..53739408:+
chr19_9655	4.2		-	5	3	0	2	yes	-	-	-	-	aaagcgcuucccuuugcuggauu	cugcaaagggaagcccuuucug	cugcaaagggaagcccuuucuguugucugaaagaagagaaagcgcuucccuuugcuggauu	chr19:53731018..53731079:+
chr11_6475	4		-	6	4	0	2	yes	-	-	-	-	ccaggaauccugcuguggugg	caccacaaucggauacuugcu	ccaggaauccugcugugguggagaggcauagacucaugaguccaccacaaucggauacuugcu	chr11:122156196..122156259:-
chr16_8292	3.9		-	12	10	0	2	no	-	-	-	-	ccuggcggcugugucuucaca	agaaggcacagcuugcacguga	agaaggcacagcuugcacgugaccuccugggccuggcggcugugucuucaca	chr16:18379351..18379403:-
chr11_6353	3.9		-	4	2	0	2	yes	-	-	-	-	ucuacagugcacgugucuccagu	uggagacgcggcccuguuggagu	ucuacagugcacgugucuccaguguggcucggaggcuggagacgcggcccuguuggagu	chr11:72615065..72615124:-
chr1_658	3.8		-	13	7	0	6	no	-	-	-	-	acggaggcccgcaggucagaac	aaaugcccugcgauccucccggag	acggaggcccgcaggucagaaccgcagucucaccugucuuggcggaaaugcccugcgauccucccggag	chr1:16513489..16513558:-
chr14_7344	3.8		-	4	2	0	2	yes	-	-	-	-	ugguuuaccgucccacauacau	uaugugggaugguaaaccgcu	ugguuuaccgucccacauacauuuugaauauguaugugggaugguaaaccgcu	chr14:101023799..101023852:+
chr11_6338	3.8		-	4	3	0	1	yes	-	-	-	-	caggaguaaagacagaguucc	aacucugucuucacucaugagu	aacucugucuucacucaugaguaccuuccaacacgagcucucaggaguaaagacagaguucc	chr11:70872286..70872348:-
chr17_8621	3.8		-	4	3	0	1	yes	-	-	-	-	aacuggccuacaaagucccagu	ugggucuuugcgggcgagaug	ugggucuuugcgggcgagaugagggugucggaucaacuggccuacaaagucccagu	chr17:31560015..31560071:+
chr7_4096	3.7		-	6	4	0	2	yes	-	-	-	-	uuggcagagagcucuuaguaac	aucugagaguacuuugucaagg	aucugagaguacuuugucaagguugcguuccuuggcagagagcucuuaguaac	chr7:41699205..41699258:+
chr12_6972	3.7		-	5	4	0	1	yes	-	-	-	-	cugacaagccaggcuucuggucu	acccagaaaucugguaugcca	acccagaaaucugguaugccagcaaagagaguaagaacuucugacaagccaggcuucuggucu	chr12:122709348..122709411:-
chr12_6970	3.7		-	5	4	0	1	yes	-	-	-	-	cugacaagccaggcuucuggucu	acccagaaaucugguaugcca	acccagaaaucugguaugccagcaaagagaguaagaacuucugacaagccaggcuucuggucu	chr12:122695923..122695986:-
chr21_10355	3.6		-	4	2	0	2	yes	-	-	-	-	ccagagcagccugcgguaacagu	aguugccagggcugccuuugguga	aguugccagggcugccuuuggugacagcagcaguagaguugccagagcagccugcgguaacagu	chr21:33550663..33550727:+
chr19_9638	3.5		-	4	3	0	1	yes	-	-	-	-	cuccagagggaugcacuuucu	gaaggcgcuucccuuuagagcg	cuccagagggaugcacuuucucuuaugugaaaaaaaagaaggcgcuucccuuuagagcg	chr19:53697546..53697605:+
chr19_9647	3.5		-	4	3	0	1	yes	-	-	-	-	aucgugcaucccuuuagagugu	ccucuagauggaagcacuguc	ccucuagauggaagcacugucuguuguauaaaagaaaagaucgugcaucccuuuagagugu	chr19:53712281..53712342:+
chr10_5461	3.4		-	123	123	0	0	yes	-	-	-	-	aagggcuuccucucugcaggac	ccugcagagaggaagcccuucu	ccugcagagaggaagcccuucugcuuacagguauuggaagggcuuccucucugcaggac	chr10:101601428..101601487:+
chr20_10252	3.3		-	11	9	0	2	no	-	-	-	-	ugaccccauugucccucugcagca	agcagagggucagggcaggaag	agcagagggucagggcaggaagggguucugccacccacauggcgccagggccugaccccauugucccucugcagca	chr20:62337936..62338012:-
chr8_4564	3.2		-	4947	4946	0	1	yes	-	-	-	-	uccuguacugagcugccccgag	cucggggcagcucaguacagga	uccuguacugagcugccccgagcugggcagcaugaagggccucggggcagcucaguacagga	chr8:41660443..41660505:+
chr10_5694	3.2		-	123	123	0	0	yes	-	-	-	-	aagggcuuccucucugcaggac	ccugcagagaggaagcccuucc	ccugcagagaggaagcccuuccaauaccuguaagcagaagggcuuccucucugcaggac	chr10:101601426..101601485:-
chr1_968	3.2		-	4	3	0	1	yes	-	-	-	-	gucguugcuuaccagaaguucaa	aauuucagguaaacaaugaau	aauuucagguaaacaaugaauaguuuuuuagucugucguugcuuaccagaaguucaa	chr1:160342486..160342543:-
chr19_9643	3.2		-	3	2	0	1	yes	-	-	-	-	aaagugcuuccuuuuagagggu	cucuagagggaagcacuuucugu	cucuagagggaagcacuuucuguugucugaaagaaaagaaagugcuuccuuuuagagggu	chr19:53707467..53707527:+
chr17_8602	3.2		-	12	12	0	0	yes	-	-	-	-	gaccgagagggccucggcugu	ggccgaggcccgggccgguuccc	gaccgagagggccucggcugugugaggacuagaggcggccgaggcccgggccgguuccc	chr17:29390667..29390726:+
chr15_7875	3.1		-	38	38	0	0	yes	-	-	-	-	uggguuuacguugggagaacuu	guucucccaacguaagcccagc	uggguuuacguugggagaacuuuuacggugaaccaggagguucucccaacguaagcccagc	chr15:70079386..70079447:-
chr20_10265	3.1		-	3	2	0	1	yes	-	-	-	-	cccugugcccggcccacuucugc	aggaggggucccgcacugggagg	cccugugcccggcccacuucugcuuccucuuagcgcaggaggggucccgcacugggagg	chr20:63941473..63941532:-
chr8_4715	3.1		-	4901	4900	0	1	yes	-	-	-	-	uccuguacugagcugccccgag	cucggggcagcucaguacagga	uccuguacugagcugccccgaggcccuucaugcugcccagcucggggcagcucaguacagga	chr8:41660443..41660505:-
chr1_459	3		-	4	3	0	1	yes	-	-	-	-	ccagacacuguagagcaaugac	auugcucuacaaugacugggag	auugcucuacaaugacugggaggggcugaagcuccagacacuguagagcaaugac	chr1:198018840..198018895:+
chr17_8913	3		-	392	297	1	94	yes	-	-	-	-	gugcauugcuguugcauug	cagugccucggcagugcagcc	gugcauugcuguugcauugcacgugugugaggcgggugcagugccucggcagugcagcc	chr17:17813857..17813916:-
chr19_9635	3		-	3	2	0	1	yes	-	-	-	-	aaagugcauccuuuuagaggu	cucuagagggaagcgcuuucu	cucuagagggaagcgcuuucuguugucugaaagaaaagaaagugcauccuuuuagaggu	chr19:53695224..53695283:+
chr17_8529	3		-	17	17	0	0	yes	-	-	-	-	ugucccggcccggagccgcc	cggcacccggccugggacgcg	cggcacccggccugggacgcguagaggcgcacgugucccggcccggagccgcc	chr17:17836435..17836488:+
chr8_4764	3		-	23	23	0	0	yes	-	-	-	-	uuauccuccaguagacuaggga	cccagccuacuggaggauaaga	cccagccuacuggaggauaagaggauauaaaggucucuuauccuccaguagacuaggga	chr8:98393666..98393725:-
chr3_2093	3		-	38	36	0	2	yes	-	-	-	-	gaauuauaacucggugcucugu	aaagagcacugaguuauaaugcc	aaagagcacugaguuauaaugccaaagugaccagcaucgugacuuuggaauuauaacucggugcucugu	chr3:190182731..190182800:+
chr22_10656	3		-	16	16	0	0	yes	-	-	-	-	ucagacagggcuccccgcaccgc	gggcggggaucccuggcuuuggga	gggcggggaucccuggcuuugggaaacccuccucagacagggcuccccgcaccgc	chr22:23394396..23394451:-
chr19_9883	3		-	25	19	0	6	yes	-	-	-	-	aaagacauaggauagagucaccuc	ugacuguccuaugucuuuccu	aaagacauaggauagagucaccucuguccucuguccucuaccuauagaggugacuguccuaugucuuuccu	chr19:40282555..40282626:-
chr5_3254	2.9		-	17	17	0	0	yes	-	-	-	-	uaacgcauaauauggacauguua	acauguccauauuauggguuagu	acauguccauauuauggguuaguuguggacacauacuaacgcauaauauggacauguua	chr5:171386675..171386734:-
chr11_6170	2.9		-	16	16	0	0	yes	-	-	-	-	ucuggcugaggaggaaguggagg	ucaguggcuuccuccacagccaccuc	ucaguggcuuccuccacagccaccuccggagggaucuggcugaggaggaaguggagg	chr11:13463156..13463213:-
chr1_473	2.9		-	17	17	0	0	yes	-	-	-	-	ccggcuugguccugcggucccu	gcggaagaggagcccgagccuggcc	gcggaagaggagcccgagccuggccgcgggcugggccccgccgcagcuccagcuggccggcuugguccugcggucccu	chr1:201888876..201888954:+
chr19_9651	2.9		-	4	3	0	1	yes	-	-	-	-	aucgugcaucccuuuagagugu	ccucuagauggaagcacuguc	ccucuagauggaagcacugucuguugucuaagaaaagaucgugcaucccuuuagagugu	chr19:53721080..53721139:+
chr5_3221	2.8		-	1688	1683	0	5	yes	-	-	-	-	uuaugguuugccugggacuga	ucaguuccaggccaaccaggc	uuaugguuugccugggacugaggaauuugcugggauaugucaguuccaggccaaccaggc	chr5:149062334..149062394:-
chr2_1364	2.8		-	17	17	0	0	yes	-	-	-	-	ugugagguugucaugccugcu	caggcaugacaaccucauacu	ugugagguugucaugccugcuauuacuacagcuaugccagcaggcaugacaaccucauacu	chr2:132433730..132433791:+
chr1_616	2.8		-	43	43	0	0	yes	-	-	-	-	gcgacccacucuugguuucc	aaauccagaguggguggggcca	aaauccagaguggguggggccagucugaccguuucuaggcgacccacucuugguuucc	chr1:3560710..3560768:-
chr16_8420	2.8		-	15	15	0	0	yes	-	-	-	-	aggcccuguccucugccccagg	ucggggcaugggggagggaggcugg	ucggggcaugggggagggaggcuggacaggagagggcucacccaggcccuguccucugccccagg	chr16:87834590..87834655:-
chr5_3150	2.8		-	36	35	0	1	yes	-	-	-	-	cgccgcuuucugggcucgcu	ugcgggcccugggaguggagac	ugcgggcccugggaguggagacgcggagcugcggucgccgcuuucugggcucgcu	chr5:108748636..108748691:-
chr22_10687	2.8		-	25	25	0	0	yes	-	-	-	-	aggaccuucccugaaccaagga	cuugguucagggagggucccca	aggaccuucccugaaccaaggaagagucacagucucuuccuugguucagggagggucccca	chr22:37847692..37847753:-
chr2_1775	2.8		-	18	18	0	0	yes	-	-	-	-	ucaaggaucuuaaacuuugcc	caaaguuuaagauccuugaug	ucaaggaucuuaaacuuugccuuuguagcucuggcaaaguuuaagauccuugaug	chr2:188297515..188297570:-
chr1_602	2.8		-	12	12	0	0	yes	-	-	-	-	gugugaccaccguuccugcagg	cgcuggagcgggaggggccaggcag	cgcuggagcgggaggggccaggcagggaggugggaccaugggggccuugcugugugaccaccguuccugcagg	chr1:1339648..1339721:-
chr6_3292	2.7		-	19	19	0	0	yes	-	-	-	-	accaggcaagaacuacugucu	acaauauuucuugccugguuu	accaggcaagaacuacugucucgucgcaacuugaggagacaauauuucuugccugguuu	chr6:2854040..2854099:+
chrX_10853	2.7		-	203	190	0	13	yes	-	-	-	-	aauggcgccacuaggguug	caacccuaggagagggugccauu	caacccuaggagagggugccauucacauagacuauaauugaauggcgccacuaggguug	chrX:110055348..110055407:+
chr7_4524	2.7		-	11	11	0	0	yes	-	-	-	-	ucgggccccagauggccggcggc	cgccggccgcggggaggagacc	cgccggccgcggggaggagaccuugggaggucgggccccagauggccggcggc	chr7:150379034..150379087:-
chr9_5220	2.7		-	25	25	0	0	yes	-	-	-	-	cccgggcuggcaccugccuggaga	gccaggcaggccagccaggucc	gccaggcaggccagccagguccccgaggccggcccgggcuggcaccugccuggaga	chr9:126722361..126722417:-
chr5_3236	2.7		-	13	13	0	0	yes	-	-	-	-	ccggccuggaacugccccggua	cugggggaguucgaggcggcggg	cugggggaguucgaggcggcgggcggcggugaccccggccuggaacugccccggua	chr5:157859036..157859092:-
chr11_6172	2.7		-	23	23	0	0	yes	-	-	-	-	caucaccugggacucugcccacag	guggggagagguaaaggggugug	guggggagagguaaaggggugugacacuggcaggucacaucaccugggacucugcccacag	chr11:16790915..16790976:-
chr2_1199	2.7		-	13	10	0	3	yes	-	-	-	-	gcaaaaacagcgauugcuuuug	caaaaguaaucgcaguuuuug	caaaaguaaucgcaguuuuugucauuacuuucaauggcaaaaacagcgauugcuuuug	chr2:36435608..36435666:+
chr11_5855	2.7		-	38	38	0	0	yes	-	-	-	-	cuccuggggcccgcacucucgc	uggggagcggcccccggguggg	uggggagcggcccccgggugggccucugcucuggccccuccuggggcccgcacucucgc	chr11:34941850..34941909:+
chr16_7975	2.7		-	17	17	0	0	yes	-	-	-	-	cucgugggcucuggccacggcc	caguggccagagcccugcagug	caguggccagagcccugcagugcugggcaugggcuucucgugggcucuggccacggcc	chr16:2270714..2270772:+
chr2_1855	2.7		-	36	36	0	0	yes	-	-	-	-	ugaggcucuguuagccuuggcucu	agcagaggcagagaggcucagg	ugaggcucuguuagccuuggcucuggguccugcuccuuagagcagaggcagagaggcucagg	chr2:239351731..239351793:-
chr8_4636	2.7		-	29	29	0	0	yes	-	-	-	-	uuagccaauuguccaucuuuag	aaagauagacaauuggcuaaau	uuagccaauuguccaucuuuagcuauucugaaugccuaaagauagacaauuggcuaaau	chr8:124821989..124822048:+
chr16_7949	2.7		-	206	206	0	0	yes	-	-	-	-	acuggccugggacuaccggggg	cccggcagccucgggccacacucc	cccggcagccucgggccacacucccgggauccccagggacuggccugggacuaccggggg	chr16:543297..543357:+
chr16_8366	2.7		-	93	93	0	0	yes	-	-	-	-	cuggcccucucugcccuuccgu	gggggggcaggaggggcucaggg	gggggggcaggaggggcucagggagaaagugcauacagccccuggcccucucugcccuuccgu	chr16:67202326..67202389:-
chrX_11103	2.7		-	35	35	0	0	yes	-	-	-	-	uagcagcgggaacaguucug	guauuguuuccgcugccagg	uagcagcgggaacaguucugcagugagcgaucggugcucugggguauuguuuccgcugccagg	chrX:134546330..134546393:-
chr22_10495	2.6		-	16	16	0	0	yes	-	-	-	-	ucagacagggcuccccgcaccgc	gggcagggaucccuggcuuuggga	gggcagggaucccuggcuuugggaaacccuccucagacagggcuccccgcaccgc	chr22:20148972..20149027:+
chr6_3987	2.6		-	14	14	0	0	yes	-	-	-	-	acgccagcaucuaaugggacu	ucccuugagauaccggcaucc	acgccagcaucuaaugggacugcugggaggauugagucccauaucugaagucccuugagauaccggcaucc	chr6:158772364..158772435:-
chrX_10884	2.6		-	39	36	0	3	yes	-	-	-	-	ugucuacuacuggagacacuggu	agagucuccaguaauggacggga	ugucuacuacuggagacacugguaguauaaaacccagagucuccaguaauggacggga	chrX:136550891..136550949:+
chr17_8843	2.6		-	177	174	3	0	yes	-	-	-	-	cagcagcacacugugguuugua	caaaccacacugugguguuagagcgag	cagcagcacacugugguuuguacggcacuguggccacguccaaaccacacugugguguuagagcgag	chr17:7017932..7017999:-
chr22_10509	2.6		-	2922	2917	0	5	yes	-	-	-	-	cagugcaaugauauugucaaagc	gcucugacgagguugcacuacu	gcucugacgagguugcacuacugugcucugagaagcagugcaaugauauugucaaagc	chr22:21652989..21653047:+
chr10_5613	2.6		-	206	206	0	0	yes	-	-	-	-	uuagggcccuggcuccaucucc	aguggggcuucgacccuaacc	uuagggcccuggcuccaucuccuuuaggaaaaccuucuguggggaguggggcuucgacccuaacc	chr10:63372968..63373033:-
chr11_6129	2.6		-	15	15	0	0	yes	-	-	-	-	cuguaugcccucaccgcucagc	ggagucaagggcauggggcg	cuguaugcccucaccgcucagccccuggggcuggcuuggcagacaguacagcauccaggggagucaagggcauggggcg	chr11:1996708..1996787:-
chr11_KI270721v1_random_11347	2.6		-	15	15	0	0	yes	-	-	-	-	cuguaugcccucaccgcucagc	ggagucaagggcauggggcg	cuguaugcccucaccgcucagccccuggggcuggcuuggcagacaguacagcauccaggggagucaagggcauggggcg	chr11_KI270721v1_random:51890..51969:-
chr14_7338	2.6		-	1147	1147	0	0	yes	-	-	-	-	gcugacuccuaguccagggcuc	gcccugaacgaggggucuggag	gcugacuccuaguccagggcucgugauggcuggugggcccugaacgaggggucuggag	chr14:100307875..100307933:+
chr1_373	2.6		-	14	14	0	0	yes	-	-	-	-	gugggggagaggcuguca	caggccuuuccuugccuuc	caggccuuuccuugccuuccugggccuuccuggggcuucaggagcugggccguggagugggggagaggcuguca	chr1:151827687..151827761:+
chr1_121	2.6		-	21	20	0	1	yes	-	-	-	-	cuccugcccuccuugcuguaga	cagcaaggaaggcaggggucc	cagcaaggaaggcagggguccuaagguguguccuccugcccuccuugcuguaga	chr1:26554542..26554596:+
chr11_6364	2.6		-	85	85	0	0	yes	-	-	-	-	ccucugggcccuuccuccagc	uggaggcagggccuuugugaaggcg	uggaggcagggccuuugugaaggcggguggugcucagaucgccucugggcccuuccuccagc	chr11:75335106..75335168:-
chr8_4696	2.6		-	5805	5804	0	1	yes	-	-	-	-	aaaagcuggguugagagggcga	cuucucuucccgguucuuccc	cuucucuucccgguucuucccggagucgggaaaagcuggguugagagggcga	chr8:22244974..22245026:-
chr4_2500	2.6		-	515	515	0	0	yes	-	-	-	-	guagauaaaauauugguaccug	gguuucaauacuuuaucugcuc	guagauaaaauauugguaccugaugaaucugaggccagguuucaauacuuuaucugcuc	chr4:114656772..114656831:+
chrX_10966	2.6		-	12991	12870	0	121	yes	-	-	-	-	agcuacaucuggcuacugggucuc	cucaguagccaguguagaucc	cucaguagccaguguagauccugucuuucguaaucagcagcuacaucuggcuacugggucuc	chrX:45747032..45747094:-
chr2_1276	2.5		-	22	22	0	0	yes	-	-	-	-	cauccuagcuugccugagacugu	agucuccagcaaacugggacagu	cauccuagcuugccugagacuguccugguuuuagcacugaaagugccuguuccaggaaacccugcagucuccagcaaacugggacagu	chr2:71526826..71526914:+
chr11_6052	2.5		-	1033	1033	0	0	yes	-	-	-	-	aucccaccacugccacca	gugauagucuggugggggcg	aucccaccacugccaccauuauugcuacuguucagcaggugcugcugguggugauggugauagucuggugggggcg	chr11:96341446..96341522:+
chr19_9483	2.5		-	11	8	0	3	yes	-	-	-	-	uugcacaucugcacuacagccu	ugguuggagugcagcuugugcgau	ugguuggagugcagcuugugcgaucagcagugagccaugauugcacaucugcacuacagccu	chr19:27780844..27780906:+
chr4_2379	2.5		-	24	24	0	0	yes	-	-	-	-	agcccaggaugaaacucugaca	ucuaagugguguccuguggcagg	ucuaagugguguccuguggcagggcucuagggcucucuaccuggugccuagcccaggaugaaacucugaca	chr4:1735490..1735561:+
chr1_1024	2.5		-	22	20	1	1	yes	-	-	-	-	cucuccuaaccucgcucucgcggc	agagucgagagugggagaagagcg	agagucgagagugggagaagagcggagcgugugagcaguacugcggccuccucuccucuccuaaccucgcucucgcggc	chr1:182391711..182391790:-
chr2_1534	2.5		-	49	49	0	0	yes	-	-	-	-	uugcagcugccugggagugacuuca	gggucgcucuaggcaccgcagca	gggucgcucuaggcaccgcagcacugugcuggggauguugcagcugccugggagugacuuca	chr2:25328649..25328711:-
chr19_9666	2.5		-	25	25	0	0	yes	-	-	-	-	uucucgaggaaagaagcacuuucu	aaagugcuuccuuucagaggg	uucucgaggaaagaagcacuuucuguugucugaaagaaaagaaagugcuuccuuucagaggg	chr19:53756755..53756817:+
chr5_3036	2.5		-	16	16	0	0	yes	-	-	-	-	uugagaaugaugaaucauuagg	uaaugauucaucagacucagau	uaaugauucaucagacucagauauuuaaguuaacaguauuugagaaugaugaaucauuagg	chr5:36147906..36147967:-
chr1_363	2.5		-	15	15	0	0	yes	-	-	-	-	ugaggccgagaaggcaaccgcga	gcguuguccucgcgccuucgcc	gcguuguccucgcgccuucgcccuggguaggugaggccgagaaggcaaccgcga	chr1:150234736..150234790:+
chr19_9852	2.5		-	17	17	0	0	yes	-	-	-	-	cacugccucugugcccuggacc	cccugggccuggggcugcugcc	cccugggccuggggcugcugccugcccacuccuggcacugccucugugcccuggacc	chr19:19626755..19626812:-
chr12_6841	2.5		-	22	18	0	4	yes	-	-	-	-	acucaaaacccuucagugacuu	aagucauuggaggguuugagcag	acucaaaacccuucagugacuuccaugacaugaaauaggaagucauuggaggguuugagcag	chr12:57519182..57519244:-
chr5_2917	2.5		-	13	13	0	0	yes	-	-	-	-	ugagaugaagcacuguagcuc	ggugcagugcugcaucucugg	ggugcagugcugcaucucuggucaguugggagucugagaugaagcacuguagcuc	chr5:149428943..149428998:+
chr22_10680	2.5		-	754	754	0	0	yes	-	-	-	-	ucccuguccuccaggagcuc	aguccugggguggggcccuggagg	aguccugggguggggcccuggagguguccuggaaaaaacgggacaccucccuguccuccaggagcuc	chr22:32348137..32348204:-
chr14_7349	2.4		-	29	29	0	0	yes	-	-	-	-	uauacaagggcaagcucucugu	agcgagguugcccuuuguauauu	agcgagguugcccuuuguauauucgguuuauugacauggaauauacaagggcaagcucucugu	chr14:101045926..101045989:+
chr6_3688	2.4		-	15	15	0	0	yes	-	-	-	-	cggaguuggaccugggacuugc	cagucccagguccaauccugag	cagucccagguccaauccugaguggccaaaagcaggagacccggaguuggaccugggacuugc	chr6:10722841..10722904:-
chr19_9617	2.4		-	96	96	0	0	yes	-	-	-	-	aagugcugucauagcugagguc	acucagccuugagggcacuuuc	acucagccuugagggcacuuucuggugccagaaugaaagugcugucauagcugagguc	chr19:53669176..53669234:+
chr5_3249	2.4		-	46	46	0	0	yes	-	-	-	-	uugugcuugaucuaaccaugug	caugguucugucaagcaccgcg	uugugcuugaucuaaccaugugguggaacgauggaaacggaacaugguucugucaagcaccgcg	chr5:168768167..168768231:-
chr5_3267	2.4		-	24	24	0	0	yes	-	-	-	-	cucucaccacugcccucccacagg	caagggaguggcagagggagaggu	cucucaccacugcccucccacaggcuccuucuacaagggaguggcagagggagaggu	chr5:179798243..179798300:-
chr9_5018	2.4		-	895	517	0	378	yes	-	-	-	-	uaugugccuuuggacuacaucg	gcaguccaugggcauauacacu	uaugugccuuuggacuacaucguggaagccagcaccaugcaguccaugggcauauacacu	chr9:114209448..114209508:+
chr19_9615	2.4		-	96	96	0	0	yes	-	-	-	-	aagugcugucauagcugagguc	acucagccuugagggcacuuuc	acucagccuugagggcacuuucuggugccagaaugaaagugcugucauagcugagguc	chr19:53666692..53666750:+
chr1_930	2.4		-	19	19	0	0	yes	-	-	-	-	ucugugcuucaccccuacccagc	uggguugggguggucggcccuggagg	uggguugggguggucggcccuggaggggguuuguuugcuuauuccccucugugcuucaccccuacccagc	chr1:153962349..153962419:-
chr1_604	2.4		-	10	10	0	0	yes	-	-	-	-	gcccuccgugcugcgucccuc	ggggcgcaggcgggagggcgg	ggggcgcaggcgggagggcggcggggcugagcgcgcccuccgugcugcgucccuc	chr1:1349310..1349365:-
chr11_6248	2.4		-	17	17	0	0	yes	-	-	-	-	ccggacucuccgcugggcccacga	caggaccccggagaguccuggc	caggaccccggagaguccuggcaugguaucucgguccggacucuccgcugggcccacga	chr11:62672182..62672241:-
chr7_4477	2.4		-	100699	100682	5	12	yes	-	-	-	-	uuuggcaaugguagaacucacacu	ggugguucuagacuugccaacu	uuuggcaaugguagaacucacacuggugagguaacaggauccggugguucuagacuugccaacu	chr7:129770406..129770470:-
chr12_6515	2.4		-	9257	7534	11	1712	yes	-	-	-	-	uaacacugucugguaaagaug	caucuuccaguacaguguugga	caucuuccaguacaguguuggauggucuaauugugaagcuccuaacacugucugguaaagaug	chr12:6964112..6964175:+
chr21_10344	2.4		-	1959	1959	0	0	yes	-	-	-	-	uuaaugcuaaucgugauagggguu	cuccuacauauuagcauuaaca	uuaaugcuaaucgugauagggguuuuugccuccaacugacuccuacauauuagcauuaaca	chr21:25573982..25574043:+
chr1_622	2.3		-	13	13	0	0	yes	-	-	-	-	cugugcggccugcacucuggcu	cccagaggccggcgggugcagcc	cccagaggccggcgggugcagccugguugaggcugugcggccugcacucuggcu	chr1:6359802..6359856:-
chr19_9670	2.3		-	25	25	0	0	yes	-	-	-	-	uucucgaggaaagaagcacuuucu	aaagugcuuccuuucagaggg	uucucgaggaaagaagcacuuucuguugucugaaagaaaagaaagugcuuccuuucagaggg	chr19:53761147..53761209:+
chr11_6081	2.3		-	13	13	0	0	yes	-	-	-	-	uccgaacucuccauuccucugca	cuugggaauggggguaagggcc	cuugggaauggggguaagggccuucugagcccagguccgaacucuccauuccucugca	chr11:118644012..118644070:+
chr7_4218	2.3		-	13	13	0	0	yes	-	-	-	-	cuuuuugcggucugggcuugc	aagcccuuaccccaaaaagua	cuuuuugcggucugggcuugcuguuccucucaacaguagucaggaagcccuuaccccaaaaagua	chr7:128207875..128207940:+
chrX_11133	2.3		-	1711	1696	0	15	yes	-	-	-	-	ugcaccaugguugucugagcaug	ucugcucauaccccaugguuucu	ugcaccaugguugucugagcaugcagcaugcuugucugcucauaccccaugguuucu	chrX:152393446..152393503:-
chr19_9607	2.3		-	12	12	0	0	yes	-	-	-	-	acacuuguaugcuagcucaggu	cugagcuagaauacaaguaguug	cugagcuagaauacaaguaguuggcgucuucagagacacuuguaugcuagcucaggu	chr19:52281819..52281876:+
chr22_10625	2.3		-	50663	50663	0	0	yes	-	-	-	-	ugccugucugagcgucgcu	cuguucuguggcagg	ugccugucugagcgucgcuugccgaucaaaauuccccaggguugccucugggcuccuuggggugcccagcuguucuguggcagg	chr22:11249741..11249825:-
chr16_8425	2.3		-	9	7	0	2	no	-	-	-	-	ucggccgugaugccucacaccc	ggugagggugucugagccca	ucggccgugaugccucacacccaagugcugccucgagcaugcgucuccugggugagggugucugagccca	chr16:88731319..88731389:-
chr5_3063	2.3		-	12	12	0	0	yes	-	-	-	-	uaggcaguguauugcuagcggcu	uugcuaguugcacuccucuc	uaggcaguguauugcuagcggcuguuaaugauuuuaacaguugcuaguugcacuccucuc	chr5:55172277..55172337:-
chr2_1525	2.3		-	11	11	0	0	yes	-	-	-	-	guccccagacucucccgggcugu	agcggggagaggucuggggaaag	guccccagacucucccgggcuguggcgaauaacuguaaagcggggagaggucuggggaaag	chr2:17753269..17753330:-
chr17_8862	2.3		-	118	118	0	0	yes	-	-	-	-	ucggucccuaacccccuccggac	ccaggggagggaaggggagccgagg	ccaggggagggaaggggagccgaggucaacgcugcgccucggucccuaacccccuccggac	chr17:7835454..7835515:-
chrX_10822	2.3		-	40	40	0	0	yes	-	-	-	-	aauccuuggaaccuaggugugagu	acacaccuauucaaggauuca	aauccuuggaaccuaggugugagugcuauuucagugcaacacaccuauucaaggauuca	chrX:50008967..50009026:+
chr14_7214	2.3		-	50663	50663	0	0	yes	-	-	-	-	ugccugucugagcgucgcu	cuguucuguggcagg	ugccugucugagcgucgcuugccgaucaaaauuccccaggguugccucugggcuccuuggggugcccagcuguucuguggcagg	chr14:16057605..16057689:+
chr1_209	2.3		-	14	14	0	0	yes	-	-	-	-	uuccgacuugucccucucucagc	caagggcuggggcugagcu	caagggcuggggcugagcuuuaaaaugguuccgacuugucccucucucagc	chr1:55063618..55063669:+
chr15_7722	2.3		-	148	148	0	0	yes	-	-	-	-	uggaagacuagugauuuuguuguu	caacaaaucccagucuaccuaa	uggaagacuagugauuuuguuguugucuuacugcgcucaacaacaaaucccagucuaccuaa	chr15:88611855..88611917:+
chr19_9440	2.2		-	823	823	0	0	yes	-	-	-	-	aacauucauuguugucgguggguu	cccaccgggggaugaaugucac	aacauucauuguugucgguggguugugaggacugaggccagacccaccgggggaugaaugucac	chr19:13874909..13874973:+
chr15_7730	2.2		-	13	13	0	0	yes	-	-	-	-	uagugaguuagagaugcagagc	ucugcauuuuaauucacaugca	uagugaguuagagaugcagagcccugggcuccucagcaaaccuacuggaucugcauuuuaauucacaugca	chr15:90006763..90006834:+
chr6_3492	2.2		-	34	34	0	0	yes	-	-	-	-	ucagguguggaaacugaggcag	gcucagguugcacagcuggga	ucagguguggaaacugaggcaggaggcagugaaguaacuugcucagguugcacagcuggga	chr6:33698151..33698212:+
chr6_3595	2.2		-	22	18	0	4	yes	-	-	-	-	auauaccuguucggucucuuu	aaggggaccaaagagauauaua	aaggggaccaaagagauauauagauaucagcuaccuauauaccuguucggucucuuu	chr6:120015189..120015246:+
chr1_1092	2.2		-	3	2	0	1	yes	-	-	-	-	ucuguauucuccuuugccugca	ucaggcaaagggauauuuacaga	ucaggcaaagggauauuuacagauacuuuuuaaaauuuguuugaguugaggcagauuaaauaucuguauucuccuuugccugca	chr1:224398227..224398311:-
chr14_7552	2.2		-	20	20	0	0	yes	-	-	-	-	uugaacuguuaagaaccacugg	agugguccuaaacauuucacaa	agugguccuaaacauuucacaauugcgcuacagaacuguugaacuguuaagaaccacugg	chr14:104117428..104117488:-
chr11_6000	2.2		-	183	183	0	0	yes	-	-	-	-	aaaaguacuugcggauuuugcu	caaaaaccgcaauuauuuuugc	aaaaguacuugcggauuuugcuuuacuuuuaauggcaaaaaccgcaauuauuuuugc	chr11:70283985..70284042:+
chrX_11088	2.1		-	1484	1484	0	0	yes	-	-	-	-	ugugcaaauccaugcaaaacuga	aguuuugcagguuugcauuuc	aguuuugcagguuugcauuucagcguauauauguauauguggcugugcaaauccaugcaaaacuga	chrX:134169682..134169748:-
chr14_7365	2.1		-	21	21	0	0	yes	-	-	-	-	aauauaacacagauggccugu	agguugucugugaugaguucg	agguugucugugaugaguucgcuuuuauuaaugacgaauauaacacagauggccugu	chr14:101065924..101065981:+
chr19_9622	2.1		-	28	28	0	0	yes	-	-	-	-	uucuccaaaagaaagcacuuucug	gagugccuucuuuuggagcguu	uucuccaaaagaaagcacuuucuguugucugaaagcagagugccuucuuuuggagcguu	chr19:53679015..53679074:+
chr4_2602	2.1		-	12	12	0	0	yes	-	-	-	-	uacauggauggaaaccuucaagc	auggagguucuagaccauguuagu	auggagguucuagaccauguuaguguucaagucuacauggauggaaaccuucaagc	chr4:40502050..40502106:-
chr7_4319	2.1		-	1294	1004	0	290	yes	-	-	-	-	ugagaaccacgucugcucuga	ucagaacaaaugccgguucccaga	ugagaaccacgucugcucugagcuggguacugccuguucagaacaaaugccgguucccaga	chr7:5495833..5495894:-
chr4_2406	2.1		-	46	46	0	0	yes	-	-	-	-	uugugcuugaucuaaccaugug	caugguuccgucaagcaccaug	uugugcuugaucuaaccaugugguugcgagguaugaguaaaacaugguuccgucaagcaccaug	chr4:20528298..20528362:+
chr10_5699	2.1		-	7108	2959	0	4149	yes	-	-	-	-	ucgaccggaccucgaccggcu	acucggcguggcgucggucgugg	ucgaccggaccucgaccggcucgucuguguugccaaucgacucggcguggcgucggucgugg	chr10:103394299..103394361:-
chr9_5149	2.1		-	49	49	0	0	yes	-	-	-	-	uucccuuugucauccuaugccug	ggcugggaaggcaaagggacgu	uucccuuugucauccuaugccugagaauauaugaaggaggcugggaaggcaaagggacgu	chr9:70809992..70810052:-
chr1_797	2.1		-	9543	9541	0	2	yes	-	-	-	-	caaagaauucuccuuuugggcuu	ccaaaggugaauuuuuuggga	caaagaauucuccuuuugggcuuucugguuuuauuuuaagcccaaaggugaauuuuuuggga	chr1:71067640..71067702:-
chrX_11117	2.1		-	17	17	0	0	yes	-	-	-	-	ugcaacgaaccugagccacuga	aguggcacauguuuguugugag	ugcaacgaaccugagccacugauucaguaaaauacucaguggcacauguuuguugugag	chrX:146027803..146027862:-
chr8_4688	2.1		-	49	49	0	0	yes	-	-	-	-	uacgucaucguugucaucguca	gcggugaucccgauggugugag	gcggugaucccgauggugugagcuggaaauggggugcuacgucaucguugucaucguca	chr8:11035220..11035279:-
chr19_9626	2.1		-	28	28	0	0	yes	-	-	-	-	uucuccaaaagaaagcacuuucug	gagugccuucuuuuggagcguu	uucuccaaaagaaagcacuuucuguugucugaaagcagagugccuucuuuuggagcguu	chr19:53685021..53685080:+
chr6_3575	2.1		-	14	14	0	0	yes	-	-	-	-	auuugugcuuggcucugucac	gacagguacagggacaaaucc	gacagguacagggacaaaucccguuaauaaguaagaggauuugugcuuggcucugucac	chr6:98024547..98024606:+
chr19_9961	2.1		-	988	988	0	0	yes	-	-	-	-	ucacgucccuguucgggcgcca	gcugucgguucgggacugaau	ucacgucccuguucgggcgccacuuguggcugucgguucgggacugaau	chr19:57513015..57513064:-
chr2_1468	2.1		-	17	16	0	1	yes	-	-	-	-	uuaauuuuuuguuucggucacu	acugaaacaaaaaauuaaaagcu	uuaauuuuuuguuucggucacucuugauagcagacauugacugaaacaaaaaauuaaaagcu	chr2:207754815..207754877:+
chrX_10792	2.1		-	19	19	0	0	yes	-	-	-	-	aaaaguaaucacuguuuuugcc	caaaucugcaaugauuuugc	aaaaguaaucacuguuuuugccauugaaaguaauggcaaaucugcaaugauuuugc	chrX:35147108..35147164:+
chr19_9630	2.1		-	93	93	0	0	yes	-	-	-	-	cuacaaaggaaagcgcuuucug	gaaagcgcuucccuuuugaggg	cuacaaaggaaagcgcuuucuguugucagaaagaagagaaagcgcuucccuuuugaggg	chr19:53688494..53688553:+
chr17_8844	2		-	174	174	0	0	yes	-	-	-	-	cagcagcacacugugguuugua	caacccaccccgguccugcuccc	caacccaccccgguccugcucccgccccagcagcacacugugguuugua	chr17:7017977..7018026:-
chrX_10776	2		-	16	16	0	0	yes	-	-	-	-	uuuaggauaagcuugacuuuug	aaaggaaaguguauccuaaaag	uuuaggauaagcuugacuuuuguucaaauaaaaaugcaaaaggaaaguguauccuaaaag	chrX:8126979..8127039:+
chr1_1077	2		-	220	220	0	0	yes	-	-	-	-	uguaacagcaacuccaugugga	caguggagaugcuguuacuuu	uguaacagcaacuccauguggacuguguaccaauuuccaguggagaugcuguuacuuu	chr1:220118169..220118227:-
chr14_7359	2		-	13	13	0	0	yes	-	-	-	-	cgaauguugcucggugaaccccu	agguuacccgagcaacuuugca	agguuacccgagcaacuuugcaucuggacgacgaauguugcucggugaaccccu	chr14:101065313..101065367:+
chr1_1134	2		-	22	22	0	0	yes	-	-	-	-	auauguaugcuuguguguggagu	acacacacacacacauauacuauau	acacacacacacacauauacuauauauacauauauauguaugcuuguguguggagu	chr1:247194458..247194514:-
chrX_11093	2		-	31	31	0	0	yes	-	-	-	-	aaaagugcuuacagugcagguag	acugcaauguaagcacuucuuac	aaaagugcuuacagugcagguagcuuuuugagaucuacugcaauguaagcacuucuuac	chrX:134170207..134170266:-
chr1_1086	2		-	273	273	0	0	yes	-	-	-	-	aaaagcuggguugagagggc	uuucucuucccagauuucc	uuucucuucccagauuucccaaaguugggaaaagcuggguugagagggc	chr1:224257050..224257099:-
chr16_8132	2		-	4551	4551	0	0	yes	-	-	-	-	agcugguguugugaaucaggccg	gcuauuucacgacaccaggguu	agcugguguugugaaucaggccgacgagcagcgcauccucuuacccggcuauuucacgacaccaggguu	chr16:56858526..56858595:+
chr17_8635	2		-	18	18	0	0	yes	-	-	-	-	ucccuguccuccaggagcu	uuccaggaggaaacaagg	uuccaggaggaaacaaggacacaaagguggcacaccugccucccaaguuccucccuguccuccaggagcu	chr17:33228834..33228904:+
chrX_11089	2		-	40	40	0	0	yes	-	-	-	-	caaagugcucauagugcagguag	uacuguaguaugggcacuuccag	caaagugcucauagugcagguaguuuuggcaugacucuacuguaguaugggcacuuccag	chrX:134169812..134169872:-
chr12_7004	2		-	11	9	2	0	yes	-	-	-	-	ucuguccucuuuccaacccagg	ugggucugagggaggaauggag	ugggucugagggaggaauggagaaaggggcauuagagccugaccugcccacuugcuugucuguccucuuuccaacccagg	chr12:132675516..132675596:-
chr17_8623	2		-	292	292	0	0	yes	-	-	-	-	uaaugccccuaaaaauccuuau	gagggacuuucaggggcagcugu	gagggacuuucaggggcagcuguguuuucugacucagucauaaugccccuaaaaauccuuau	chr17:31575437..31575499:+
chr1_541	1.9		-	30	30	0	0	yes	-	-	-	-	ucauguugcucugcuguugcc	cagcagcauggcugacuaaagaca	cagcagcauggcugacuaaagacauugacaucaugacauugucauguugcucugcuguugcc	chr1:231264807..231264869:+
chr4_2576	1.9		-	18	16	0	2	yes	-	-	-	-	uucaacggguauuuauugagc	acucaauaaaugucuguuga	acucaauaaaugucuguugaauugaaaugcguuacauucaacggguauuuauugagc	chr4:8005312..8005369:-
chr5_3248	1.9		-	29337	29337	0	0	yes	-	-	-	-	agcagcauuguacagggcuauga	ucggcuucuuuacagugcugccuug	ucggcuucuuuacagugcugccuuguugcauauggaucaagcagcauuguacagggcuauga	chr5:168560903..168560965:-
chr19_9374	1.9		-	148	148	0	0	yes	-	-	-	-	uggaagacuagugauuuuguuguu	caacaagucacagccggccuca	uggaagacuagugauuuuguuguucugauguacuacgacaacaagucacagccggccuca	chr19:4770699..4770759:+
chr15_7823	1.9		-	10	10	0	0	yes	-	-	-	-	ccucagggcuguagaacagggcu	cccuguucuaugcccugaggga	ccucagggcuguagaacagggcugggauuacuaaagcccuguucuaugcccugaggga	chr15:52277130..52277188:-
chr14_7534	1.9		-	13	13	0	0	yes	-	-	-	-	cuugcucugcucucccuuguacu	ugcagaggagacaaagcaagcc	ugcagaggagacaaagcaagccucaucaggcccauugcuugcucugcucucccuuguacu	chr14:95533806..95533866:-
chr6_3627	1.8		-	16	16	0	0	yes	-	-	-	-	ucuggcugaggaggaaguggagg	ucuaguagccacagccauccc	ucuaguagccacagccauccccuagagggaucuggcugaggaggaaguggagg	chr6:149794653..149794706:+
chrX_11086	1.8		-	27842	27842	0	0	yes	-	-	-	-	uauugcacuugucccggccugu	ggguggggauuuguugcauuacu	ggguggggauuuguugcauuacuuguguucuauauaaaguauugcacuugucccggccugu	chrX:134169543..134169604:-
chr16_8052	1.8		-	2596	2596	0	0	yes	-	-	-	-	ucaggcucaguccccucccgau	cggggggugacccuggcu	ucaggcucaguccccucccgauaaaccccuaaauagggacuuucccggggggugacccuggcu	chr16:15643300..15643363:+
chr1_1060	1.7		-	309	296	2	11	yes	-	-	-	-	uagcaccauuugaaaucaguguu	cugguuucacaugguggcuuagau	cugguuucacaugguggcuuagauuuuuccaucuuuguaucuagcaccauuugaaaucaguguu	chr1:207802449..207802513:-
chr18_9243	1.7		-	51	51	0	0	yes	-	-	-	-	aaaagcuggguugagagggu	cuucucuucccaguucuucc	cuucucuucccaguucuucccagagucaggaaaagcuggguugagagggu	chr18:21683528..21683578:+
chr17_9080	1.7		-	1492	1490	0	2	yes	-	-	-	-	uagguaguuucauguuguuggg	auuggaacugcugagugaau	auuggaacugcugagugaauuagguaguuucauguuguuggg	chr17:48632531..48632573:-
chr18_9247	1.7		-	54	54	0	0	yes	-	-	-	-	aaaagcuggguugagagggu	cuucucuuuccaguucuucc	cuucucuuuccaguucuucccagaauugggaaaagcuggguugagagggu	chr18:24321685..24321735:+
chr15_7664	1.7		-	139	139	0	0	yes	-	-	-	-	ugauauguuugauauauuagguug	acuauauaucaaacauauuccu	ugauauguuugauauauuagguuguuauuuaauccaacuauauaucaaacauauuccu	chr15:62823970..62824028:+
chrX_11084	1.7		-	234	233	1	0	yes	-	-	-	-	aauugcacgguauccaucugu	ggguggaucacgaugcaauuuu	ggguggaucacgaugcaauuuugaugaguaucauaggagaaaaauugcacgguauccaucugu	chrX:134169382..134169445:-
chrX_11097	1.6		-	43	43	0	0	yes	-	-	-	-	uuuugcgauguguuccuaauau	auugggaacauuuugcauguau	uuuugcgauguguuccuaauaugcacuauaaauauauugggaacauuuugcauguau	chrX:134540357..134540414:-
chr4_2691	1.6		-	1551	1550	0	1	yes	-	-	-	-	uccgagucacggcaccaa	ccgugugaagagaccacca	uccgagucacggcaccaaauuucaugcguguccgugugaagagaccacca	chr4:163093573..163093623:-
chr8_4767	1.6		-	26	26	0	0	yes	-	-	-	-	aauagcucagaaugucaguucug	gaauugauaacugagcaaggaa	aauagcucagaaugucaguucuguuuuaaguaacagaauugauaacugagcaaggaa	chr8:100702967..100703024:-
chrX_10828	1.6		-	455	455	0	0	yes	-	-	-	-	uacccauugcauaucggaguug	ccuccugugugcauggauuac	uacccauugcauaucggaguugugaauucucaaaacaccuccugugugcauggauuac	chrX:50013255..50013313:+
chr17_8893	1.6		-	97	97	0	0	yes	-	-	-	-	cuggacugagccaugcuacu	acagauggcuuaucauggg	cuggacugagccaugcuacuggcuucucugguucuccagcuuacagauggcuuaucauggg	chr17:12917273..12917334:-
chr9_4899	1.5		-	4627	4627	0	0	yes	-	-	-	-	guacaguacugugauaacugaa	cgguuaucaugguaccgaugcug	cgguuaucaugguaccgaugcuguauaucugaaagguacaguacugugauaacugaa	chr9:4850308..4850365:+
chr19_9679	1.5		-	10	10	0	0	yes	-	-	-	-	ucugcucucucccacccgcagu	ugagguggggguggugagg	ugagguggggguggugagggagaccagcuggcccacuggguccugacccucugcucucucccacccgcagu	chr19:54148077..54148148:+
chr19_9565	1.5		-	8	8	0	0	yes	-	-	-	-	cuccgcccccgugccgcgccgcgc	gcggggggcacggggggcgcaggcg	gcggggggcacggggggcgcaggcggaggagccccggccgcuccgcccccgugccgcgccgcgc	chr19:48443160..48443224:+
chr8_4649	1.5		-	205	205	0	0	yes	-	-	-	-	aaggagcucacagucuauug	auguacuaagcguuggga	auguacuaagcguugggaauguagagacugaccaaaguauggucucuaccuucaaggagcucacagucuauug	chr8:130477072..130477145:+
chr19_9971	1.4		-	12	12	0	0	yes	-	-	-	-	uggcagugcauacuguuggcuc	gcccacagcagcagcccugcccag	uggcagugcauacuguuggcucagaauucugugcagacagagcccacagcagcagcccugcccag	chr19:58567314..58567379:-
chr4_2616	1.4		-	9	9	0	0	yes	-	-	-	-	agcggcagcggagcucuugggc	gcaagggccccgcggccgccgc	gcaagggccccgcggccgccgccgcagccgcggcugcagcggcagcggagcucuugggc	chr4:80203207..80203266:-
chr1_1075	1.4		-	207	207	0	0	yes	-	-	-	-	augaccuaugaauugacagac	cugucauuucuuuaggccaaua	augaccuaugaauugacagacaauauagcugaguuugucugucauuucuuuaggccaaua	chr1:220117876..220117936:-
chr14_7439	1.3		-	9	8	0	1	yes	-	-	-	-	guaguaccaguaccuuguguu	aacacaagguauugguauuacc	guaguaccaguaccuuguguucaguggaaccaagguaaacacaagguauugguauuacc	chr14:31014669..31014728:-
chr3_2005	1.3		-	8	8	0	0	yes	-	-	-	-	ucuaccguugccagcccggcug	guugggcuggcagggugugggg	guugggcuggcaggguguggggagaggccucacugccgauuccucuaccguugccagcccggcug	chr3:138835034..138835099:+
chr12_6636	1.2		-	8	8	0	0	yes	-	-	-	-	uuugggacugaucuugaugucu	acaucaagaucagucccaaaua	uuugggacugaucuugaugucugccaagguuuuggcagacaucaagaucagucccaaaua	chr12:69584743..69584803:+
chr1_931	1.2		-	10	10	0	0	yes	-	-	-	-	ugauauguuugauauuggguug	acuaaaugucaaacauauucuu	ugauauguuugauauuggguuguuuaauuaggaaccaacuaaaugucaaacauauucuu	chr1:154193674..154193733:-
chr17_9104	1.1		-	9422	9396	0	26	yes	-	-	-	-	cagugcaauaguauugucaaagc	gcucugacuuuauugcacuacu	gcucugacuuuauugcacuacuguacuuuacagcuagcagugcaauaguauugucaaagc	chr17:59151148..59151208:-
chr1_186	1.1		-	7	5	0	2	no	-	-	-	-	cagggcagagggcacaggaaucug	aggccuguggcuccucccucagg	cagggcagagggcacaggaaucugaggugacuggcacagaagacucaggccuguggcuccucccucagg	chr1:43448543..43448612:+
chrX_10774	1.1		-	22	22	0	0	yes	-	-	-	-	cauccuagcuugccugagacugu	aguccuagacacacugggaugug	cauccuagcuugccugagacugucccaguuugaaaacuggaccucaucaguccuagacacacugggaugug	chrX:7187374..7187445:+
chrX_11095	1.1		-	140	140	0	0	yes	-	-	-	-	uuuugcaauauguuccugaau	uugggaucauuuugcauccau	uuuugcaauauguuccugaauauguaauauaaguguauugggaucauuuugcauccau	chrX:134540194..134540252:-
chr2_1298	1		-	21	21	0	0	yes	-	-	-	-	auggccagagcucacacagagg	gcagugugacucagcaggccaaca	auggccagagcucacacagagggaugagugcacuucaccugcagugugacucagcaggccaaca	chr2:87629763..87629827:+
chr5_2759	1		-	8	8	0	0	yes	-	-	-	-	ccggccugggucuggcuccgucc	acaguggggccggcccgggccggag	acaguggggccggcccgggccggagggaccuccccuggagccccccggggccuggggaacucucgcgccccggccugggucuggcuccgucc	chr5:41925525..41925617:+
chr6_3858	1		-	6	5	0	1	no	-	-	-	-	ucgagaauugcguuuggacaau	cguccagacucaacucucggc	cguccagacucaacucucggccggagccauagacucgagaauugcguuuggacaau	chr6:33207856..33207912:-
chr11_6179	1		-	6	5	0	1	no	-	-	-	-	aggagggacguggcgcucugaga	caggaggccgcgccucuuccu	aggagggacguggcgcucugagaugcgggcucaggaggccgcgccucuuccu	chr11:17276491..17276543:-
chr10_5436	1		-	10	10	0	0	yes	-	-	-	-	ucaggucuucagacuguggggc	cccccugguuugcaggccuuuug	ucaggucuucagacuguggggcuuacacgagcagccccccugguuugcaggccuuuug	chr10:92864752..92864810:+
chr5_3257	1		-	10	10	0	0	yes	-	-	-	-	ucagacacagguauggcuggcuc	gucagacaaccuggguuccaau	ucagacacagguauggcuggcuccaaaauuugugccuggagucagacaaccuggguuccaau	chr5:172404832..172404894:-
chr12_6690	0.9		-	6	4	0	2	no	-	-	-	-	gcggccauggacuuguacagcacc	cgcuggacagguucguggccag	gcggccauggacuuguacagcaccccggccgcugcgcuggacagguucguggccag	chr12:112938524..112938580:+
chr6_3601	0.9		-	528	528	0	0	yes	-	-	-	-	agucccuguucgggcgcca	gccuccucaggucccuu	gccuccucaggucccuucaggucucuucaggucucuguuugucacugauagucccuguucgggcgcca	chr6:131054548..131054616:+
chr1_309	0.9		-	285	285	0	0	yes	-	-	-	-	aaaagcuggguugagagggc	ccucucuuucuaguucuucc	ccucucuuucuaguucuuccuagagugaggaaaagcuggguugagagggc	chr1:116671756..116671806:+
chr3_2249	0.9		-	7	7	0	0	yes	-	-	-	-	auuccgggcuuggaccgcgc	ggggccggacccggggugg	auuccgggcuuggaccgcgcggcgcagagcgcguggggccggacccggggugg	chr3:107525175..107525228:-
chr8_4894	0.8		-	6	4	0	2	no	-	-	-	-	cccggccggaacgccgcacu	gugcggaacgcuggccggggcgg	gugcggaacgcuggccggggcgggaggggaagggacgcccggccggaacgccgcacu	chr8:144791934..144791991:-
chr7_4498	0.8		-	181	145	0	36	yes	-	-	-	-	ucucucggacaagcuguagguc	aauuacagauugucucagaga	aauuacagauugucucagagaaaacaaaugaguuacucucucggacaagcuguagguc	chr7:139044099..139044157:-
chr12_6865	0.8		-	46	46	0	0	yes	-	-	-	-	gucccuguucaggcgcca	guggcugacugcuacuacua	gucccuguucaggcgccacuuguggcugacugcuacuacua	chr12:69200144..69200185:-
chr2_1758	0.8		-	8	6	0	2	yes	-	-	-	-	agcgcgccgggcaggaagcaca	ucccggccggggcuccucugca	ucccggccggggcuccucugcaacagagcgcgccgggcaggaagcaca	chr2:172085280..172085328:-
chr17_9204	0.7		-	11	11	0	0	no	-	-	-	-	cccuagcuggcucugcggcu	ccgcggcggcagcugaguugggc	ccgcggcggcagcugaguugggcugaggugucccuagcuggcucugcggcu	chr17:81295243..81295294:-
chr5_3025	0.6		-	8	5	0	3	yes	-	-	-	-	ucuugggccccaccccuggaga	ucugggguggggccugggaau	ucuugggccccaccccuggagauugugaaucaguaaguagaucugggguggggccugggaau	chr5:31515423..31515485:-
chrX_10778	0.6		-	8	8	0	0	yes	-	-	-	-	auucucucuggaucccauggau	ccaggagauccagagagaauca	auucucucuggaucccauggauaugggaacugugauguccaggagauccagagagaauca	chrX:17425888..17425948:+
chr9_5268	0.5		-	8	6	0	2	yes	-	-	-	-	gugacccaccccucuccaccag	ucuguggaguggggugccugu	ucuguggaguggggugccuguccccugccacugggugacccaccccucuccaccag	chr9:137450025..137450081:-
chr5_3061	0.5		-	9	9	0	0	yes	-	-	-	-	aggcaguguauuguuagcuggcu	ccacaacuacccugccacu	aggcaguguauuguuagcuggcugcuugggucaagucagcagccacaacuacccugccacu	chr5:55170666..55170727:-
chr19_9658	0.5		-	8	8	0	0	yes	-	-	-	-	aucuggagguaagaagcacuuucu	aaagugcuuccuuucagaggg	aucuggagguaagaagcacuuucuguuuugugaaagaaaagaaagugcuuccuuucagaggg	chr19:53736859..53736921:+
chr19_9675	0.5		-	8	8	0	0	yes	-	-	-	-	gaagugcuucgauuuuggggugu	acucaaaaugggggcgcuuucc	acucaaaaugggggcgcuuuccuuuuugucuguacugggaagugcuucgauuuuggggugu	chr19:53788709..53788770:+
chr2_1618	0.5		-	26	26	0	0	yes	-	-	-	-	uucauuugccucccagccuaca	ugggcuaggggagaugauugggua	ugggcuaggggagaugauuggguagaaagcauuauuuuauucauuugccucccagccuaca	chr2:69520045..69520106:-
chr14_7235	0.5		-	9	9	0	0	yes	-	-	-	-	ucugagcccuguucucccuagg	cugggugggcaguauauucagaua	cugggugggcaguauauucagauauuggaucugagcccuguucucccuagg	chr14:20992041..20992092:+
chr12_6974	0.5		-	8	8	0	0	yes	-	-	-	-	augggcagcucugcuccucagg	cgaggagcauccugucucauag	cgaggagcauccugucucauagggagcccaucccaugggcagcucugcuccucagg	chr12:123070599..123070655:-
chr10_5658	0.4		-	8	8	0	0	yes	-	-	-	-	augagaccuaggaauugacauu	ugccaauuccugagucucacuc	ugccaauuccugagucucacucccagaggucaguagcuucagaaugagaccuaggaauugacauu	chr10:89920166..89920231:-
chr19_9714	0.3		-	7	7	0	0	yes	-	-	-	-	uuaguggcucccucugccugca	caggugaggguggagccaccgaua	uuaguggcucccucugccugcagaauggaagaccacgugcaggugaggguggagccaccgaua	chr19:57439110..57439173:+
chr2_1805	0.2		-	6	6	0	0	yes	-	-	-	-	uacccagucuccggugcag	gcaccggagacuggguaag	uacccagucuccggugcagccuguugucaaggcugcaccggagacuggguaag	chr2:206783243..206783296:-
chr14_7347	0.2		-	8	8	0	0	yes	-	-	-	-	uaugucugcugaccaucacc	uggugggccgcagaacaugug	uggugggccgcagaacaugugcugaguucgugccauaugucugcugaccaucacc	chr14:101040233..101040288:+
chr5_2864	0.2		-	9	9	0	0	yes	-	-	-	-	ugaccugggacucggacagcu	cugcucgauccacugguccag	ugaccugggacucggacagcugcuugcacucguucagcugcucgauccacugguccag	chr5:134225776..134225834:+
chr19_9567	0.1		-	7	7	0	0	yes	-	-	-	-	ucuguccaccuugcuucuucagg	gagggaggugggguggggugaggac	gagggaggugggguggggugaggacuuggaagucugaguucuguccaccuugcuucuucagg	chr19:48478213..48478275:+
chr16_7948	0.1		-	7	3	0	4	yes	-	-	-	-	auggucaccuccgggacu	agccccgggcagugugaucauc	auggucaccuccgggacucagcccugugcugagccccgggcagugugaucauc	chr16:535315..535368:+
chr10_5521	0		-	7	7	0	0	yes	-	-	-	-	cugccaggaaacaacugugacu	ugacaguuggcacuuggcuggcc	ugacaguuggcacuuggcuggccaggagggcugccaggaaacaacugugacu	chr10:127012884..127012936:+
chr11_6389	0		-	6	6	0	0	yes	-	-	-	-	gagcugcgcagcgcuggcug	gccggcuugugggcucgc	gagcugcgcagcgcuggcugcuggcuggccucgcggagacgccgaacggacgcggccggcgccggcuugugggcucgc	chr11:86955315..86955393:-
chr22_10702	0		-	5	5	0	0	yes	-	-	-	-	cggccuggcggacgcggucggg	cgccgccuccgccgggcucgcc	cgccgccuccgccgggcucgccgggaccuccgggcggccuggcggacgcggucggg	chr22:39994797..39994853:-
chr22_10742	0		-	7	7	0	0	yes	-	-	-	-	ugaagcugacccgccucugccc	gcuggaggagggcagcggccuc	gcuggaggagggcagcggccucuugugcaauaugcaggugaagcugacccgccucugccc	chr22:46377743..46377803:-
chr11_6182	0		-	7	7	0	0	yes	-	-	-	-	uagacaaucuguguagagugcu	uguucuacacagauaaucuguu	uguucuacacagauaaucuguuauuaaugagagaauagaauagacaaucuguguagagugcu	chr11:18004708..18004770:-
chr1_1102	0		-	7	7	0	0	yes	-	-	-	-	accuggguuguccccucuagg	gaguggggugggacccagcugu	gaguggggugggacccagcuguuggccauggcgacaacaccuggguuguccccucuagg	chr1:228397046..228397105:-
chr3_2162	0		-	7	7	0	0	yes	-	-	-	-	cuccuccucuccccuugcggccu	gcgcagagcggaggaggugcu	gcgcagagcggaggaggugcuuggcgcuucucaggcuccuccucuccccuugcggccu	chr3:36993114..36993172:-
chr11_6079	0		-	5	5	0	0	yes	-	-	-	-	acaacagccucguucuuccug	ggaagaaccaggcuguuaugc	ggaagaaccaggcuguuaugccaugugggcauguggcacaacagccucguucuuccug	chr11:118630958..118631016:+
