Geneid	Chr	Start	End	Strand	Length	N1.csv
uccuucauuccaccggagucug	0	0	0	0	0	294892
aagcugccaguugaagaacugu	0	0	0	0	0	99927
ucagugcacuacagaacuuugu	0	0	0	0	0	99236
ugagguaguagguuguauaguu	0	0	0	0	0	94618
aacauucaacgcugucggugagu	0	0	0	0	0	88280
uagcagcacguaaauauuggcg	0	0	0	0	0	69798
uagcuuaucagacugauguugac	0	0	0	0	0	69764
uacccuguagauccgaauuugu	0	0	0	0	0	67666
uguaaacauccucgacuggaagcu	0	0	0	0	0	60031
uucaaguaauccaggauaggcu	0	0	0	0	0	55262
cuagacugaagcuccuugagga	0	0	0	0	0	54530
uucacaguggcuaaguucug	0	0	0	0	0	42156
uguaaacauccccgacuggaagcu	0	0	0	0	0	36571
uguaaacauccuugacuggaagcu	0	0	0	0	0	31562
uaauacugccugguaaugaugac	0	0	0	0	0	30841
uauugcacuugucccggccugu	0	0	0	0	0	27842
agcagcauuguacagggcuauga	0	0	0	0	0	29337
aacauucauugcugucggugggu	0	0	0	0	0	26207
ugagguaguagauuguauaguu	0	0	0	0	0	25822
aggcaagaugcuggcauagcug	0	0	0	0	0	25397
uucacaguggcuaaguuccg	0	0	0	0	0	19489
uucaaguaauucaggauagguu	0	0	0	0	0	15815
uguaaacauccuacacucucagcu	0	0	0	0	0	15160
caacggaaucccaaaagcagcug	0	0	0	0	0	14830
cauugcacuugucucggucuga	0	0	0	0	0	14570
cacuagauugugagcuccugga	0	0	0	0	0	14523
cagugcaauguuaaaagggcau	0	0	0	0	0	13812
caaagugcuguucgugcagguag	0	0	0	0	0	10810
auggcacugguagaauucacug	0	0	0	0	0	10069
ugagguaggagguuguauaguu	0	0	0	0	0	9804
uaauacugccggguaaugaugga	0	0	0	0	0	9488
uaacacugucugguaacgauguu	0	0	0	0	0	9233
agcuacauugucugcuggguuuc	0	0	0	0	0	8983
ugagguaguagguugugugguu	0	0	0	0	0	8312
aacccguagauccgaacuugug	0	0	0	0	0	7508
uuuguucguucggcucgcguga	0	0	0	0	0	7280
acuggacuuggagucagaaggc	0	0	0	0	0	7052
uauugcacucgucccggccucc	0	0	0	0	0	6980
uguaaacauccuacacucagcu	0	0	0	0	0	6615
agcucggucugaggccccucagu	0	0	0	0	0	6603
cauuauuacuuuugguacgcg	0	0	0	0	0	6583
ugagguaguaguuugugcuguu	0	0	0	0	0	6566
uagcaccaucugaaaucgguua	0	0	0	0	0	6181
ucccugagacccuuuaaccuguga	0	0	0	0	0	5972
ugagguaguaaguuguauuguu	0	0	0	0	0	5542
ugagguaguaguuuguacaguu	0	0	0	0	0	5510
ugagaccucuggguucugagcu	0	0	0	0	0	5480
uggcucaguucagcaggaacag	0	0	0	0	0	4450
cugaccuaugaauugacagcc	0	0	0	0	0	5095
agcagcauuguacagggcuauc	0	0	0	0	0	4850
agcugguguugugaaucaggccg	0	0	0	0	0	4551
guacaguacugugauaacugaa	0	0	0	0	0	4627
uaauacugucugguaaaaccgu	0	0	0	0	0	4458
ucagugcaucacagaacuuuguc	0	0	0	0	0	4365
uacccuguagaaccgaauuugu	0	0	0	0	0	4343
cagugcaaugaugaaagggcau	0	0	0	0	0	3946
ugcggggcuagggcuaacagca	0	0	0	0	0	3929
uuuuucauuauugcuccugacc	0	0	0	0	0	3626
agagguaguagguugcauaguu	0	0	0	0	0	3517
ucuggcuccgugucuucacuccc	0	0	0	0	0	3496
ucuuugguuaucuagcuguauga	0	0	0	0	0	2894
uagcagcacaucaugguuuaca	0	0	0	0	0	2660
uaaagugcugacagugcagau	0	0	0	0	0	2359
gugaaauguuuaggaccacuag	0	0	0	0	0	2298
uagguaguuucauguuguuggg	0	0	0	0	0	1492
caaagugcuuacagugcagguag	0	0	0	0	0	2144
uuuccggcucgcgugggugugu	0	0	0	0	0	2005
uagcagcacauaaugguuugu	0	0	0	0	0	1810
uuauaaagcaaugagacugauu	0	0	0	0	0	1806
gccccugggccuauccuagaa	0	0	0	0	0	1801
aacuggcccucaaagucccgcu	0	0	0	0	0	1754
accacaggguagaaccacggac	0	0	0	0	0	1745
cugugcgugugacagcggcuga	0	0	0	0	0	1742
cacgcucaugcacacacccaca	0	0	0	0	0	1739
aggcaguguaguuagcugauugc	0	0	0	0	0	1643
aucacauugccagggauuaccac	0	0	0	0	0	1537
aacauucaaccugucggugaguu	0	0	0	0	0	1523
ucccugagacccuaacuuguga	0	0	0	0	0	1433
uaaagugcuuauagugcagguag	0	0	0	0	0	1508
ugugcaaauccaugcaaaacuga	0	0	0	0	0	1484
ugagguaguagguuguaugguu	0	0	0	0	0	1474
uucaccaccuucuccacccagc	0	0	0	0	0	1287
uagugcaauauugcuuauaggguu	0	0	0	0	0	1093
ucacagugaaccggucucuuu	0	0	0	0	0	1026
aucaaggaucuuaaacuuugcc	0	0	0	0	0	947
cuuaucagauuguauuguaauu	0	0	0	0	0	912
aucaacagacauuaauugggcgc	0	0	0	0	0	856
ucucugggccugugucuuaggcu	0	0	0	0	0	842
uagguaguuuccuguuguuggg	0	0	0	0	0	841
gaaauuauuguacaucggauga	0	0	0	0	0	798
ucagcaccaggauauuguuggag	0	0	0	0	0	779
ucucacuguagccucgaacccc	0	0	0	0	0	722
caugccuugaguguaggaccgu	0	0	0	0	0	695
ugagaacugaauuccauaggcugu	0	0	0	0	0	655
cgcauccccuagggcauuggugu	0	0	0	0	0	661
ucagugcaugacagaacuugggc	0	0	0	0	0	575
ugugcaaaucuaugcaaaacuga	0	0	0	0	0	497
uaacugguugaacaacugaacc	0	0	0	0	0	471
uggcagugucuuagcugguuguu	0	0	0	0	0	467
uagcaccauuugaaaucgguua	0	0	0	0	0	433
aacccguagauccgaucuugug	0	0	0	0	0	432
uaacagucuacagccauggucg	0	0	0	0	0	402
uaaggugcaucuagugcagauag	0	0	0	0	0	356
uuaucagaaucuccagggguac	0	0	0	0	0	337
augcaccugggcaaggauucuga	0	0	0	0	0	316
uagcaccauuugaaaucaguguu	0	0	0	0	0	309
uaaugccccuaaaaauccuuau	0	0	0	0	0	292
uggagagaaaggcaguuccuga	0	0	0	0	0	296
ucucacacagaaaucgcacccguc	0	0	0	0	0	286
caccuugcgcuacucaggucugc	0	0	0	0	0	268
uguaacagcaacuccaugugga	0	0	0	0	0	220
ucaaaugcucagacuccuguggu	0	0	0	0	0	223
uggaagacuagugauuuuguuguu	0	0	0	0	0	148
uuuggcacuagcacauuuuugcu	0	0	0	0	0	214
cagcagcaauucauguuuugaa	0	0	0	0	0	213
uccgagccugggucucccucu	0	0	0	0	0	203
cgucaacacuugcugguuuccu	0	0	0	0	0	193
ccaguccugugccugccgccu	0	0	0	0	0	180
caagucacuagugguuccguuuag	0	0	0	0	0	176
auauaauacaaccugcuaagug	0	0	0	0	0	147
aggcagugucauuagcugauugu	0	0	0	0	0	146
ccaaaacugcaguuacuuuugc	0	0	0	0	0	145
caauuuagugugugugauauu	0	0	0	0	0	137
ugugacagauugauaacugaaa	0	0	0	0	0	128
uauggcuuuucauuccuauguga	0	0	0	0	0	126
auucuaauuucuccacgucuuug	0	0	0	0	0	126
acgcccuucccccccuucuuca	0	0	0	0	0	126
caccgcggucuuuuccucccac	0	0	0	0	0	133
uauggaggucucugucuggcu	0	0	0	0	0	134
uccgugacuaaacaacugaggc	0	0	0	0	0	115
uuauugcuuaagaauacgcguag	0	0	0	0	0	111
gugcauuguaguugcauugca	0	0	0	0	0	110
uaauuuuauguauaagcuagu	0	0	0	0	0	112
ucugugagaccaaagaacuacu	0	0	0	0	0	106
cuacaaaggaaagcgcuuucug	0	0	0	0	0	93
uccgguucucagggcuccacc	0	0	0	0	0	101
uuuccucucugccccauagggug	0	0	0	0	0	98
uagcagcacagaaauauuggca	0	0	0	0	0	93
uauucauuuauccccagccuaca	0	0	0	0	0	89
caucccuugcaugguggagggu	0	0	0	0	0	80
aaaaacugagacuacuuuugca	0	0	0	0	0	77
aaagcaaauguugggugaacggcu	0	0	0	0	0	64
cugcccuggcccgagggaccgac	0	0	0	0	0	68
augcugacauauuuacuagagg	0	0	0	0	0	58
caguuaccgcuuccgcuaccgc	0	0	0	0	0	54
ugucuuacucccucaggcacau	0	0	0	0	0	33
aauccuuugucccugggugagagu	0	0	0	0	0	52
uguccucuagggccugcagucu	0	0	0	0	0	51
aaugcaccugggcaaggauuc	0	0	0	0	0	44
uaacagucuccagucacggcc	0	0	0	0	0	44
cggcggggacggcgauugguc	0	0	0	0	0	50
uuuugcgauguguuccuaauau	0	0	0	0	0	43
agggggaaaguucuauaguccu	0	0	0	0	0	40
cuguaugcccucaccgcucagc	0	0	0	0	0	15
gugagucucuaagaaaagagga	0	0	0	0	0	41
aaaaaccgugauuacuuuugca	0	0	0	0	0	40
acaguagucugcacauugguua	0	0	0	0	0	36
aaaaugguucccuuuagagug	0	0	0	0	0	40
ccaccuccccugcaaacgucca	0	0	0	0	0	47
ucccugcagcggucagaggauc	0	0	0	0	0	44
uaguggaugauggagacucggu	0	0	0	0	0	34
ugccccaacaaggaaggacaag	0	0	0	0	0	32
uccagcaucagugauuuuguuga	0	0	0	0	0	32
uucucuguuuuggccaugugugu	0	0	0	0	0	29
cgcgccugcaggaacugguaga	0	0	0	0	0	36
agaguugagucuggacgucccg	0	0	0	0	0	28
aaggagcuuacaaucuagcuggg	0	0	0	0	0	28
uucauuugccucccagccuaca	0	0	0	0	0	26
uuggccauggggcugcgcggggcc	0	0	0	0	0	33
agcgcgggcugagcgcugccagu	0	0	0	0	0	23
uaguagaccguauagcguacg	0	0	0	0	0	25
aggaugagcaaagaaaguagauu	0	0	0	0	0	22
aaagugacugugguuuuugcca	0	0	0	0	0	22
acaaauugagacuagaugagcc	0	0	0	0	0	19
uccucccaugccaagaacucc	0	0	0	0	0	19
ugugcagcaggccaaccgaga	0	0	0	0	0	18
caaaaacugcaguuacuuuugc	0	0	0	0	0	19
ccucaguaaauguuuauuagaug	0	0	0	0	0	19
ugcacggcacuggggacacgu	0	0	0	0	0	18
auaauagucuccaacucugauug	0	0	0	0	0	19
aaagugcauccuuuuagagugu	0	0	0	0	0	18
cuuuuugcggucugggcuugc	0	0	0	0	0	13
aacuagcucuguggauccugac	0	0	0	0	0	16
aaagugcaucuuuuuagaggau	0	0	0	0	0	16
acccgucccguucguccccggac	0	0	0	0	0	23
uuuuagagacggggucuugcuc	0	0	0	0	0	15
uacgcgcagaccacaggauguc	0	0	0	0	0	15
cacugcauuccugcuuggcccagg	0	0	0	0	0	24
ccuggcggcugugucuucaca	0	0	0	0	0	12
uggccaaugaguaccugaaccc	0	0	0	0	0	12
aucagggcuuguggaaugggaa	0	0	0	0	0	11
ucagcaggcaggcuggugcag	0	0	0	0	0	11
uucagccaggcuagugcagucu	0	0	0	0	0	10
gacgucucacggucccucucccc	0	0	0	0	0	18
ugacagagcgagaccuugucu	0	0	0	0	0	10
gagguccgcagcugcucugccu	0	0	0	0	0	10
augggccgaggcuguucugagc	0	0	0	0	0	11
ucaggacacuucugaacuugg	0	0	0	0	0	9
cucucgccaggcguccucguggaa	0	0	0	0	0	9
ucuggggaugcagcucucucc	0	0	0	0	0	9
cucuugagggaagcacuuucug	0	0	0	0	0	9
agauguccagccacaauucucg	0	0	0	0	0	9
ccuggccuguuuuaacccugugc	0	0	0	0	0	9
cuccagagggaaguacuuucug	0	0	0	0	0	8
aagagcagagaagauggcaccg	0	0	0	0	0	10
auauuaccauuagcucaucuu	0	0	0	0	0	9
gucccucuccaaaugugucuug	0	0	0	0	0	7
ugugucacucgaugaccacugu	0	0	0	0	0	9
gcaggccucacuuggcaccagug	0	0	0	0	0	8
uuucuauuucucaguggggcu	0	0	0	0	0	9
gcaggaacuugugagucuccu	0	0	0	0	0	9
aauaauacaugguugaucuu	0	0	0	0	0	9
ugggcccagagcagcuggaggcc	0	0	0	0	0	7
uuggaggguguggaagacauc	0	0	0	0	0	8
aguggggaacccuuccaugagg	0	0	0	0	0	7
aaaaguaauugugguuuuggcc	0	0	0	0	0	7
gcgacugccucccugcugugagc	0	0	0	0	0	14
ccucuacagggaagcgcuuucu	0	0	0	0	0	7
ugaggugaccgcagaugggaagga	0	0	0	0	0	6
acagcgagaggcagcucuggg	0	0	0	0	0	6
cgaaaacagcaauuaccuuugc	0	0	0	0	0	6
uaaugggaccuuccucuuugguu	0	0	0	0	0	6
cuagugcucuccguuacaagu	0	0	0	0	0	5
ugauaucagcucaguaggcaccg	0	0	0	0	0	6
aagccaucucuccgcgugacuu	0	0	0	0	0	6
caaagcgcuccccuuuagaggu	0	0	0	0	0	6
caccuugccuugcugcccgggccg	0	0	0	0	0	4
aaagcgcuucccuuugcuggauu	0	0	0	0	0	5
ccaggaauccugcuguggugg	0	0	0	0	0	6
ucuacagugcacgugucuccagu	0	0	0	0	0	4
acggaggcccgcaggucagaac	0	0	0	0	0	13
ugguuuaccgucccacauacau	0	0	0	0	0	4
caggaguaaagacagaguucc	0	0	0	0	0	4
aacuggccuacaaagucccagu	0	0	0	0	0	4
uuggcagagagcucuuaguaac	0	0	0	0	0	6
cugacaagccaggcuucuggucu	0	0	0	0	0	5
ccagagcagccugcgguaacagu	0	0	0	0	0	4
cuccagagggaugcacuuucu	0	0	0	0	0	4
aucgugcaucccuuuagagugu	0	0	0	0	0	4
aagggcuuccucucugcaggac	0	0	0	0	0	123
ugaccccauugucccucugcagca	0	0	0	0	0	11
uccuguacugagcugccccgag	0	0	0	0	0	4901
gucguugcuuaccagaaguucaa	0	0	0	0	0	4
aaagugcuuccuuuuagagggu	0	0	0	0	0	3
gaccgagagggccucggcugu	0	0	0	0	0	12
uggguuuacguugggagaacuu	0	0	0	0	0	38
cccugugcccggcccacuucugc	0	0	0	0	0	3
ccagacacuguagagcaaugac	0	0	0	0	0	4
gugcauugcuguugcauug	0	0	0	0	0	392
aaagugcauccuuuuagaggu	0	0	0	0	0	3
ugucccggcccggagccgcc	0	0	0	0	0	17
uuauccuccaguagacuaggga	0	0	0	0	0	23
gaauuauaacucggugcucugu	0	0	0	0	0	38
ucagacagggcuccccgcaccgc	0	0	0	0	0	16
aaagacauaggauagagucaccuc	0	0	0	0	0	25
uaacgcauaauauggacauguua	0	0	0	0	0	17
ucuggcugaggaggaaguggagg	0	0	0	0	0	16
ccggcuugguccugcggucccu	0	0	0	0	0	17
uuaugguuugccugggacuga	0	0	0	0	0	1688
ugugagguugucaugccugcu	0	0	0	0	0	17
gcgacccacucuugguuucc	0	0	0	0	0	43
aggcccuguccucugccccagg	0	0	0	0	0	15
cgccgcuuucugggcucgcu	0	0	0	0	0	36
aggaccuucccugaaccaagga	0	0	0	0	0	25
ucaaggaucuuaaacuuugcc	0	0	0	0	0	18
gugugaccaccguuccugcagg	0	0	0	0	0	12
accaggcaagaacuacugucu	0	0	0	0	0	19
aauggcgccacuaggguug	0	0	0	0	0	203
ucgggccccagauggccggcggc	0	0	0	0	0	11
cccgggcuggcaccugccuggaga	0	0	0	0	0	25
ccggccuggaacugccccggua	0	0	0	0	0	13
caucaccugggacucugcccacag	0	0	0	0	0	23
gcaaaaacagcgauugcuuuug	0	0	0	0	0	13
cuccuggggcccgcacucucgc	0	0	0	0	0	38
cucgugggcucuggccacggcc	0	0	0	0	0	17
ugaggcucuguuagccuuggcucu	0	0	0	0	0	36
uuagccaauuguccaucuuuag	0	0	0	0	0	29
acuggccugggacuaccggggg	0	0	0	0	0	206
cuggcccucucugcccuuccgu	0	0	0	0	0	93
uagcagcgggaacaguucug	0	0	0	0	0	35
acgccagcaucuaaugggacu	0	0	0	0	0	14
ugucuacuacuggagacacuggu	0	0	0	0	0	39
cagcagcacacugugguuugua	0	0	0	0	0	174
cagugcaaugauauugucaaagc	0	0	0	0	0	2922
uuagggcccuggcuccaucucc	0	0	0	0	0	206
gcugacuccuaguccagggcuc	0	0	0	0	0	1147
gugggggagaggcuguca	0	0	0	0	0	14
cuccugcccuccuugcuguaga	0	0	0	0	0	21
ccucugggcccuuccuccagc	0	0	0	0	0	85
aaaagcuggguugagagggcga	0	0	0	0	0	5805
guagauaaaauauugguaccug	0	0	0	0	0	515
agcuacaucuggcuacugggucuc	0	0	0	0	0	12991
cauccuagcuugccugagacugu	0	0	0	0	0	22
aucccaccacugccacca	0	0	0	0	0	1033
uugcacaucugcacuacagccu	0	0	0	0	0	11
agcccaggaugaaacucugaca	0	0	0	0	0	24
cucuccuaaccucgcucucgcggc	0	0	0	0	0	22
uugcagcugccugggagugacuuca	0	0	0	0	0	49
uucucgaggaaagaagcacuuucu	0	0	0	0	0	25
uugagaaugaugaaucauuagg	0	0	0	0	0	16
ugaggccgagaaggcaaccgcga	0	0	0	0	0	15
cacugccucugugcccuggacc	0	0	0	0	0	17
acucaaaacccuucagugacuu	0	0	0	0	0	22
ugagaugaagcacuguagcuc	0	0	0	0	0	13
ucccuguccuccaggagcuc	0	0	0	0	0	754
uauacaagggcaagcucucugu	0	0	0	0	0	29
cggaguuggaccugggacuugc	0	0	0	0	0	15
aagugcugucauagcugagguc	0	0	0	0	0	96
uugugcuugaucuaaccaugug	0	0	0	0	0	46
cucucaccacugcccucccacagg	0	0	0	0	0	24
uaugugccuuuggacuacaucg	0	0	0	0	0	895
ucugugcuucaccccuacccagc	0	0	0	0	0	19
gcccuccgugcugcgucccuc	0	0	0	0	0	10
ccggacucuccgcugggcccacga	0	0	0	0	0	17
uuuggcaaugguagaacucacacu	0	0	0	0	0	100699
uaacacugucugguaaagaug	0	0	0	0	0	9257
uuaaugcuaaucgugauagggguu	0	0	0	0	0	1959
cugugcggccugcacucuggcu	0	0	0	0	0	13
uccgaacucuccauuccucugca	0	0	0	0	0	13
ugcaccaugguugucugagcaug	0	0	0	0	0	1711
acacuuguaugcuagcucaggu	0	0	0	0	0	12
ugccugucugagcgucgcu	0	0	0	0	0	50663
ucggccgugaugccucacaccc	0	0	0	0	0	9
uaggcaguguauugcuagcggcu	0	0	0	0	0	12
guccccagacucucccgggcugu	0	0	0	0	0	11
ucggucccuaacccccuccggac	0	0	0	0	0	118
aauccuuggaaccuaggugugagu	0	0	0	0	0	40
uuccgacuugucccucucucagc	0	0	0	0	0	14
aacauucauuguugucgguggguu	0	0	0	0	0	823
uagugaguuagagaugcagagc	0	0	0	0	0	13
ucagguguggaaacugaggcag	0	0	0	0	0	34
auauaccuguucggucucuuu	0	0	0	0	0	22
ucuguauucuccuuugccugca	0	0	0	0	0	3
uugaacuguuaagaaccacugg	0	0	0	0	0	20
aaaaguacuugcggauuuugcu	0	0	0	0	0	183
aauauaacacagauggccugu	0	0	0	0	0	21
uucuccaaaagaaagcacuuucug	0	0	0	0	0	28
uacauggauggaaaccuucaagc	0	0	0	0	0	12
ugagaaccacgucugcucuga	0	0	0	0	0	1294
ucgaccggaccucgaccggcu	0	0	0	0	0	7108
uucccuuugucauccuaugccug	0	0	0	0	0	49
caaagaauucuccuuuugggcuu	0	0	0	0	0	9543
ugcaacgaaccugagccacuga	0	0	0	0	0	17
uacgucaucguugucaucguca	0	0	0	0	0	49
auuugugcuuggcucugucac	0	0	0	0	0	14
ucacgucccuguucgggcgcca	0	0	0	0	0	988
uuaauuuuuuguuucggucacu	0	0	0	0	0	17
aaaaguaaucacuguuuuugcc	0	0	0	0	0	19
uuuaggauaagcuugacuuuug	0	0	0	0	0	16
cgaauguugcucggugaaccccu	0	0	0	0	0	13
auauguaugcuuguguguggagu	0	0	0	0	0	22
aaaagugcuuacagugcagguag	0	0	0	0	0	31
aaaagcuggguugagagggc	0	0	0	0	0	285
ucccuguccuccaggagcu	0	0	0	0	0	18
caaagugcucauagugcagguag	0	0	0	0	0	40
ucuguccucuuuccaacccagg	0	0	0	0	0	11
ucauguugcucugcuguugcc	0	0	0	0	0	30
uucaacggguauuuauugagc	0	0	0	0	0	18
ccucagggcuguagaacagggcu	0	0	0	0	0	10
cuugcucugcucucccuuguacu	0	0	0	0	0	13
ucaggcucaguccccucccgau	0	0	0	0	0	2596
aaaagcuggguugagagggu	0	0	0	0	0	54
ugauauguuugauauauuagguug	0	0	0	0	0	139
aauugcacgguauccaucugu	0	0	0	0	0	234
uccgagucacggcaccaa	0	0	0	0	0	1551
aauagcucagaaugucaguucug	0	0	0	0	0	26
uacccauugcauaucggaguug	0	0	0	0	0	455
cuggacugagccaugcuacu	0	0	0	0	0	97
ucugcucucucccacccgcagu	0	0	0	0	0	10
cuccgcccccgugccgcgccgcgc	0	0	0	0	0	8
aaggagcucacagucuauug	0	0	0	0	0	205
uggcagugcauacuguuggcuc	0	0	0	0	0	12
agcggcagcggagcucuugggc	0	0	0	0	0	9
augaccuaugaauugacagac	0	0	0	0	0	207
guaguaccaguaccuuguguu	0	0	0	0	0	9
ucuaccguugccagcccggcug	0	0	0	0	0	8
uuugggacugaucuugaugucu	0	0	0	0	0	8
ugauauguuugauauuggguug	0	0	0	0	0	10
cagugcaauaguauugucaaagc	0	0	0	0	0	9422
cagggcagagggcacaggaaucug	0	0	0	0	0	7
uuuugcaauauguuccugaau	0	0	0	0	0	140
auggccagagcucacacagagg	0	0	0	0	0	21
ccggccugggucuggcuccgucc	0	0	0	0	0	8
ucgagaauugcguuuggacaau	0	0	0	0	0	6
aggagggacguggcgcucugaga	0	0	0	0	0	6
ucaggucuucagacuguggggc	0	0	0	0	0	10
ucagacacagguauggcuggcuc	0	0	0	0	0	10
gcggccauggacuuguacagcacc	0	0	0	0	0	6
agucccuguucgggcgcca	0	0	0	0	0	528
auuccgggcuuggaccgcgc	0	0	0	0	0	7
cccggccggaacgccgcacu	0	0	0	0	0	6
ucucucggacaagcuguagguc	0	0	0	0	0	181
gucccuguucaggcgcca	0	0	0	0	0	46
agcgcgccgggcaggaagcaca	0	0	0	0	0	8
cccuagcuggcucugcggcu	0	0	0	0	0	11
ucuugggccccaccccuggaga	0	0	0	0	0	8
auucucucuggaucccauggau	0	0	0	0	0	8
gugacccaccccucuccaccag	0	0	0	0	0	8
aggcaguguauuguuagcuggcu	0	0	0	0	0	9
aucuggagguaagaagcacuuucu	0	0	0	0	0	8
gaagugcuucgauuuuggggugu	0	0	0	0	0	8
ucugagcccuguucucccuagg	0	0	0	0	0	9
augggcagcucugcuccucagg	0	0	0	0	0	8
augagaccuaggaauugacauu	0	0	0	0	0	8
uuaguggcucccucugccugca	0	0	0	0	0	7
uacccagucuccggugcag	0	0	0	0	0	6
uaugucugcugaccaucacc	0	0	0	0	0	8
ugaccugggacucggacagcu	0	0	0	0	0	9
ucuguccaccuugcuucuucagg	0	0	0	0	0	7
auggucaccuccgggacu	0	0	0	0	0	7
cugccaggaaacaacugugacu	0	0	0	0	0	7
gagcugcgcagcgcuggcug	0	0	0	0	0	6
cggccuggcggacgcggucggg	0	0	0	0	0	5
ugaagcugacccgccucugccc	0	0	0	0	0	7
uagacaaucuguguagagugcu	0	0	0	0	0	7
accuggguuguccccucuagg	0	0	0	0	0	7
cuccuccucuccccuugcggccu	0	0	0	0	0	7
acaacagccucguucuuccug	0	0	0	0	0	5
